dest_ip,dest_port,dest_country,metadata_file
72.195.34.35,27360,United States,socks5.txt
70.166.167.55,57745,United States,socks5.txt
68.71.254.6,4145,United States,socks5.txt
51.210.111.216,29963,France,socks5.txt
98.152.200.61,8081,United States,socks5.txt
185.35.130.81,60477,Russia,socks5.txt
161.97.163.52,49690,Germany,socks5.txt
109.123.254.43,22963,Germany,socks5.txt
103.189.218.85,6969,Bangladesh,socks5.txt
51.75.126.150,1964,France,socks5.txt
51.75.126.150,2184,France,socks5.txt
45.140.143.77,18080,The Netherlands,socks5.txt
212.46.198.230,1080,Russia,socks5.txt
47.238.247.229,8888,Hong Kong,socks5.txt
161.49.116.131,1338,Philippines,socks5.txt
45.12.132.212,51991,Cyprus,socks5.txt
45.12.132.215,51991,Cyprus,socks5.txt
45.142.193.15,4857,Cambodia,socks5.txt
45.142.193.26,45920,Japan,socks5.txt
103.249.201.6,1127,United States,socks5.txt
185.93.89.156,4517,United States,socks5.txt
101.71.72.253,52300,China,socks5.txt
185.93.89.181,8823,The Netherlands,socks5.txt
185.93.89.174,6859,Vietnam,socks5.txt
185.93.89.146,4606,Thailand,socks5.txt
185.93.89.179,5893,United States,socks5.txt
185.93.89.168,5946,Sweden,socks5.txt
185.93.89.172,11394,Germany,socks5.txt
185.93.89.153,14799,Germany,socks5.txt
185.93.89.165,17297,United States,socks5.txt
185.93.89.179,25326,France,socks5.txt
45.142.193.15,4124,Singapore,socks5.txt
185.93.89.179,14523,Finland,socks5.txt
185.93.89.158,13382,France,socks5.txt
185.93.89.146,14014,Hungary,socks5.txt
185.93.89.174,5437,Chile,socks5.txt
185.93.89.179,7550,Germany,socks5.txt
185.93.89.174,6533,United States,socks5.txt
185.93.89.174,8012,United States,socks5.txt
185.93.89.145,33827,Canada,socks5.txt
185.93.89.179,20425,United States,socks5.txt
185.93.89.180,18020,India,socks5.txt
185.93.89.169,15343,Malaysia,socks5.txt
185.93.89.144,5355,Indonesia,socks5.txt
185.93.89.179,33890,Germany,socks5.txt
185.93.89.156,8824,Singapore,socks5.txt
185.93.89.183,5836,United States,socks5.txt
185.93.89.153,5023,United States,socks5.txt
185.93.89.179,42787,Malaysia,socks5.txt
185.93.89.166,7138,Russia,socks5.txt
185.93.89.179,12841,United Kingdom,socks5.txt
185.93.89.145,32259,United States,socks5.txt
185.93.89.146,6559,United Kingdom,socks5.txt
185.93.89.155,4079,Brazil,socks5.txt
185.93.89.145,23816,Cambodia,socks5.txt
185.93.89.164,20261,Germany,socks5.txt
181.215.243.104,4044,Ukraine,socks5.txt
185.93.89.164,15099,United Kingdom,socks5.txt
185.93.89.152,10261,United States,socks5.txt
185.93.89.178,33030,Finland,socks5.txt
185.93.89.187,14825,Russia,socks5.txt
185.93.89.179,7606,Vietnam,socks5.txt
185.93.89.151,14541,United States,socks5.txt
185.93.89.144,33610,Germany,socks5.txt
185.93.89.155,4661,France,socks5.txt
185.93.89.179,9721,United Kingdom,socks5.txt
185.93.89.165,5348,India,socks5.txt
185.93.89.153,4270,United States,socks5.txt
185.93.89.179,25312,Canada,socks5.txt
185.93.89.179,35922,United States,socks5.txt
185.93.89.178,7562,Russia,socks5.txt
185.93.89.169,14845,France,socks5.txt
68.183.211.118,1122,Germany,socks5.txt
185.93.89.179,12235,United States,socks5.txt
185.93.89.174,9173,Vietnam,socks5.txt
185.93.89.179,11110,Singapore,socks5.txt
185.93.89.179,10660,United States,socks5.txt
185.93.89.174,18470,Spain,socks5.txt
185.93.89.178,8732,France,socks5.txt
185.93.89.188,21156,Germany,socks5.txt
185.93.89.156,8238,United States,socks5.txt
185.93.89.179,12860,Singapore,socks5.txt
185.93.89.178,9337,Ukraine,socks5.txt
185.93.89.168,16958,France,socks5.txt
185.93.89.171,17440,United States,socks5.txt
185.93.89.179,14485,Cambodia,socks5.txt
185.93.89.179,8061,United States,socks5.txt
185.93.89.150,11420,United States,socks5.txt
185.93.89.178,34684,Vietnam,socks5.txt
185.93.89.176,12663,India,socks5.txt
185.93.89.179,4943,Vietnam,socks5.txt
185.93.89.172,5061,Vietnam,socks5.txt
185.93.89.178,27454,United States,socks5.txt
185.93.89.149,5726,Belgium,socks5.txt
185.93.89.159,6617,The Netherlands,socks5.txt
185.93.89.146,26891,Germany,socks5.txt
185.93.89.179,28181,Spain,socks5.txt
185.93.89.158,14526,India,socks5.txt
185.93.89.178,26185,Germany,socks5.txt
185.93.89.162,8685,Vietnam,socks5.txt
185.93.89.147,31078,United States,socks5.txt
185.93.89.183,14724,Vietnam,socks5.txt
185.93.89.174,7210,Cambodia,socks5.txt
185.93.89.178,20770,Singapore,socks5.txt
185.93.89.179,29353,Italy,socks5.txt
185.93.89.179,5710,South Korea,socks5.txt
185.93.89.189,16874,Russia,socks5.txt
185.93.89.163,14790,United States,socks5.txt
185.93.89.144,31078,France,socks5.txt
185.93.89.178,10159,Germany,socks5.txt
185.93.89.147,4712,Pakistan,socks5.txt
185.93.89.144,32833,United States,socks5.txt
185.93.89.178,32830,Vietnam,socks5.txt
185.93.89.181,19044,Canada,socks5.txt
185.93.89.165,11250,United States,socks5.txt
27.79.153.201,17000,Vietnam,socks5.txt
27.79.153.206,17000,Vietnam,socks5.txt
185.93.89.163,9350,Vietnam,socks5.txt
27.79.198.151,17000,Vietnam,socks5.txt
27.79.214.27,17000,Vietnam,socks5.txt
27.79.144.189,17000,Vietnam,socks5.txt
103.121.121.100,1080,Pakistan,socks5.txt
27.79.175.83,17000,Vietnam,socks5.txt
27.79.148.169,17000,Vietnam,socks5.txt
27.79.229.172,17000,Vietnam,socks5.txt
27.79.190.213,17000,Vietnam,socks5.txt
27.79.191.139,17000,Vietnam,socks5.txt
185.93.89.165,14549,France,socks5.txt
185.93.89.172,9470,Singapore,socks5.txt
185.93.89.170,4508,Italy,socks5.txt
185.93.89.145,11927,United Kingdom,socks5.txt
185.93.89.179,6142,Romania,socks5.txt
185.93.89.165,6855,United States,socks5.txt
162.214.3.183,3128,United States,connect.txt
203.174.15.138,8080,Indonesia,connect.txt
203.81.75.202,8080,Myanmar,connect.txt
43.133.136.208,8800,Indonesia,connect.txt
217.26.67.57,3180,Serbia,connect.txt
45.65.137.218,999,Colombia,connect.txt
88.198.212.91,3128,Germany,connect.txt
119.92.75.48,8181,Philippines,connect.txt
36.88.253.86,8080,Indonesia,connect.txt
92.51.126.42,8080,Georgia,connect.txt
103.189.250.89,8090,Indonesia,connect.txt
103.26.110.125,84,India,connect.txt
103.70.93.70,8080,Indonesia,connect.txt
103.131.18.58,8080,Indonesia,connect.txt
103.247.216.70,8080,Indonesia,connect.txt
103.101.193.38,1111,Indonesia,connect.txt
223.25.110.225,1080,Indonesia,connect.txt
185.138.120.109,8080,Iraq,connect.txt
204.199.81.90,999,Colombia,connect.txt
103.82.126.202,8080,Indonesia,connect.txt
85.117.60.163,8080,Georgia,connect.txt
202.57.26.58,8080,Indonesia,connect.txt
103.160.182.103,8080,Indonesia,connect.txt
188.125.169.100,8080,T�rkiye,connect.txt
103.69.150.24,8080,Bangladesh,connect.txt
45.123.142.69,8181,Indonesia,connect.txt
202.47.188.193,7777,Indonesia,connect.txt
102.68.128.210,8080,Libya,connect.txt
122.54.193.69,8082,Philippines,connect.txt
47.176.240.250,4228,United States,connect.txt
43.231.78.203,8080,Bangladesh,connect.txt
113.192.3.42,8050,Indonesia,connect.txt
118.97.75.86,8080,Indonesia,connect.txt
66.96.233.62,8085,Indonesia,connect.txt
103.215.187.68,8080,Indonesia,connect.txt
157.15.63.208,8082,Indonesia,connect.txt
190.61.61.210,999,Colombia,connect.txt
49.157.62.204,8181,Philippines,connect.txt
118.69.183.149,8080,Vietnam,connect.txt
175.103.33.126,7777,Indonesia,connect.txt
103.121.199.138,62797,Indonesia,connect.txt
157.66.16.41,8070,Indonesia,connect.txt
193.68.115.14,8080,Bulgaria,connect.txt
188.132.221.131,8080,T�rkiye,connect.txt
103.171.245.154,1080,Indonesia,connect.txt
103.156.15.130,1111,Indonesia,connect.txt
103.25.81.116,8080,Bangladesh,connect.txt
201.71.137.90,5128,Brazil,connect.txt
45.236.112.9,60399,Brazil,connect.txt
103.122.1.62,8181,Indonesia,connect.txt
103.147.134.85,1111,Indonesia,connect.txt
103.169.133.46,8085,Indonesia,connect.txt
27.147.219.198,58080,Bangladesh,connect.txt
103.8.59.12,8080,Indonesia,connect.txt
103.184.50.102,9090,Indonesia,connect.txt
123.253.37.209,8080,Bangladesh,connect.txt
103.245.16.133,8080,Indonesia,connect.txt
41.203.84.134,8080,Nigeria,connect.txt
70.63.90.245,8080,United States,connect.txt
119.18.156.245,8080,Indonesia,connect.txt
45.4.0.60,999,Chile,connect.txt
202.73.25.90,8080,Indonesia,connect.txt
149.113.84.36,8080,Indonesia,connect.txt
103.153.191.9,8085,Indonesia,connect.txt
103.156.141.172,8081,Indonesia,connect.txt
103.247.242.22,8080,Indonesia,connect.txt
119.93.64.216,8082,Philippines,connect.txt
209.14.98.5,8080,Colombia,connect.txt
181.209.122.75,999,Argentina,connect.txt
160.22.190.10,8080,Indonesia,connect.txt
88.135.210.179,8080,Ukraine,connect.txt
36.95.78.156,8080,Indonesia,connect.txt
38.52.212.113,999,Guatemala,connect.txt
124.83.51.94,8082,Philippines,connect.txt
103.172.120.91,8080,Indonesia,connect.txt
103.180.118.107,999,Indonesia,connect.txt
188.132.222.43,8080,T�rkiye,connect.txt
149.86.159.4,8080,T�rkiye,connect.txt
103.148.130.37,8090,Indonesia,connect.txt
157.66.50.73,1111,Indonesia,connect.txt
103.94.250.151,8080,Indonesia,connect.txt
36.93.163.219,8080,Indonesia,connect.txt
122.52.109.3,8081,Philippines,connect.txt
38.224.97.9,999,Mexico,connect.txt
38.230.165.25,9090,United States,connect.txt
190.97.226.44,999,Venezuela,connect.txt
177.244.34.58,999,Mexico,connect.txt
181.188.238.149,999,Ecuador,connect.txt
103.80.98.46,8080,Indonesia,connect.txt
109.127.82.18,8080,Iraq,connect.txt
103.224.124.235,8080,Indonesia,connect.txt
5.78.124.240,40001,United States,connect.txt
45.188.125.49,999,Mexico,connect.txt
103.154.77.64,89,Indonesia,connect.txt
36.91.62.47,52978,Indonesia,connect.txt
103.78.1.209,39206,Vietnam,connect.txt
103.39.51.73,8181,Indonesia,connect.txt
201.62.125.142,8080,Brazil,connect.txt
103.153.134.22,8089,Indonesia,connect.txt
103.155.198.129,1080,Indonesia,connect.txt
160.19.17.5,8181,Indonesia,connect.txt
203.175.126.229,8080,Indonesia,connect.txt
41.93.63.66,8080,Tanzania,connect.txt
38.7.2.130,999,Venezuela,connect.txt
103.162.54.151,8080,Indonesia,connect.txt
27.147.144.230,58080,Bangladesh,connect.txt
103.154.178.106,8080,Indonesia,connect.txt
103.159.96.195,2117,Indonesia,connect.txt
203.190.117.106,8076,Indonesia,connect.txt
103.169.132.70,8085,Indonesia,connect.txt
103.134.246.71,1111,Indonesia,connect.txt
103.86.117.13,8080,Indonesia,connect.txt
103.97.140.76,8080,Indonesia,connect.txt
80.78.128.94,8080,Spain,connect.txt
185.35.130.16,55520,Russia,connect.txt
102.68.139.1,83,Zambia,connect.txt
103.105.86.46,8090,Bangladesh,connect.txt
103.106.181.10,83,India,connect.txt
38.194.250.66,999,Mexico,connect.txt
103.48.71.46,83,India,connect.txt
103.227.187.11,6080,Indonesia,connect.txt
102.0.14.156,8080,Kenya,connect.txt
45.55.123.126,8080,United States,connect.txt
187.19.201.217,8080,Brazil,connect.txt
103.110.9.15,8080,Indonesia,connect.txt
180.178.103.70,8213,Indonesia,connect.txt
41.242.44.13,8084,South Africa,connect.txt
103.163.244.212,83,India,connect.txt
157.66.50.37,8080,Indonesia,connect.txt
38.56.23.91,11201,Colombia,connect.txt
190.12.0.66,8080,Ecuador,connect.txt
103.22.217.41,3125,Indonesia,connect.txt
103.159.96.149,8085,Indonesia,connect.txt
103.165.156.186,8090,Indonesia,connect.txt
103.181.255.137,8080,Indonesia,connect.txt
65.21.91.16,8888,Indonesia,connect.txt
190.102.134.97,999,Peru,connect.txt
115.127.139.106,48134,Bangladesh,connect.txt
185.35.130.23,60982,Russia,connect.txt
195.158.8.123,3128,Uzbekistan,connect.txt
186.225.60.74,8089,Brazil,connect.txt
210.1.70.22,8085,Philippines,connect.txt
103.180.118.107,7100,Indonesia,connect.txt
195.133.220.46,1971,Iraq,connect.txt
189.72.85.254,8080,Brazil,connect.txt
192.203.0.70,999,Puerto Rico,connect.txt
45.5.196.62,9898,Brazil,connect.txt
128.199.113.85,9090,Singapore,connect.txt
103.126.86.200,3127,Indonesia,connect.txt
188.125.169.235,8080,T�rkiye,connect.txt
103.36.11.21,8080,Indonesia,connect.txt
45.123.142.77,8181,Indonesia,connect.txt
103.61.240.198,9090,Bangladesh,connect.txt
103.180.118.99,8044,Indonesia,connect.txt
103.217.224.49,3125,Indonesia,connect.txt
103.196.179.81,8080,Indonesia,connect.txt
154.0.155.93,8080,Tanzania,connect.txt
181.114.224.181,8080,Argentina,connect.txt
128.199.120.45,9090,Singapore,connect.txt
103.156.221.108,8080,Indonesia,connect.txt
202.154.18.160,8087,Indonesia,connect.txt
103.144.102.109,8085,Indonesia,connect.txt
103.105.55.243,8082,Indonesia,connect.txt
103.189.254.18,8080,Indonesia,connect.txt
103.156.221.106,8080,Indonesia,connect.txt
103.46.11.148,3000,Indonesia,connect.txt
201.76.9.115,8080,Brazil,connect.txt
103.220.23.57,8080,Indonesia,connect.txt
84.22.45.25,8080,Kosovo,connect.txt
102.207.128.2,8080,,connect.txt
190.52.100.195,999,Venezuela,connect.txt
103.180.119.182,8082,Indonesia,connect.txt
45.171.111.255,999,Ecuador,connect.txt
157.66.16.40,8787,Indonesia,connect.txt
103.156.86.161,8080,Indonesia,connect.txt
103.172.197.223,8089,Indonesia,connect.txt
103.227.187.201,6080,Indonesia,connect.txt
180.191.34.229,8081,Philippines,connect.txt
103.76.108.56,8080,Indonesia,connect.txt
58.147.187.20,8080,Indonesia,connect.txt
38.183.146.83,8080,Indonesia,connect.txt
103.169.132.58,8085,Indonesia,connect.txt
103.18.77.86,8080,Indonesia,connect.txt
103.132.54.18,8080,Indonesia,connect.txt
103.51.205.168,8080,Indonesia,connect.txt
181.204.183.251,999,Colombia,connect.txt
139.255.210.106,8080,Indonesia,connect.txt
185.189.100.94,8080,Russia,connect.txt
103.95.150.13,8080,Philippines,connect.txt
201.47.88.20,3128,Brazil,connect.txt
103.230.81.109,8080,Indonesia,connect.txt
181.119.94.16,999,Paraguay,connect.txt
216.122.181.210,999,Dominican Republic,connect.txt
60.174.167.40,4999,China,connect.txt
38.156.75.46,8080,T�rkiye,connect.txt
45.191.7.250,8080,Argentina,connect.txt
43.224.43.42,8080,Myanmar,connect.txt
36.93.73.154,8080,Indonesia,connect.txt
190.8.34.211,999,Dominican Republic,connect.txt
163.61.55.135,8080,,connect.txt
103.154.76.2,8080,Indonesia,connect.txt
38.156.13.74,999,Colombia,connect.txt
190.97.228.46,465,Venezuela,connect.txt
186.96.31.46,7070,Mexico,connect.txt
177.234.217.43,999,Ecuador,connect.txt
89.43.31.134,3128,T�rkiye,connect.txt
103.171.255.60,8080,Indonesia,connect.txt
103.148.131.177,8080,Indonesia,connect.txt
160.19.18.209,8080,Indonesia,connect.txt
103.147.134.59,8080,Indonesia,connect.txt
103.68.214.108,8080,Indonesia,connect.txt
103.46.10.206,3000,Indonesia,connect.txt
188.132.221.52,8080,T�rkiye,connect.txt
38.65.172.199,999,Mexico,connect.txt
38.3.162.129,999,United States,connect.txt
89.26.83.25,8080,Austria,connect.txt
185.200.37.242,8080,T�rkiye,connect.txt
168.121.220.68,999,Peru,connect.txt
45.164.64.116,999,Ecuador,connect.txt
188.132.221.26,8080,T�rkiye,connect.txt
103.158.253.4,8080,Indonesia,connect.txt
45.5.116.177,999,Guatemala,connect.txt
141.136.63.126,8080,Venezuela,connect.txt
201.65.173.179,8080,Brazil,connect.txt
119.18.146.92,96,Bangladesh,connect.txt
172.188.122.92,80,Singapore,connect.txt
36.66.16.193,8080,Indonesia,connect.txt
38.156.75.227,8080,T�rkiye,connect.txt
45.184.103.110,999,Venezuela,connect.txt
190.108.95.104,999,Peru,connect.txt
120.28.193.165,5050,Philippines,connect.txt
200.98.200.254,25000,Brazil,connect.txt
124.104.136.232,5050,Philippines,connect.txt
103.134.246.102,3172,Indonesia,connect.txt
223.25.110.120,1095,Indonesia,connect.txt
110.76.145.22,92,Indonesia,connect.txt
192.81.129.252,3133,United States,connect.txt
103.127.220.62,2024,Indonesia,connect.txt
190.121.153.68,9992,Colombia,connect.txt
181.174.231.30,9992,Colombia,connect.txt
45.182.21.150,999,Honduras,connect.txt
181.188.238.144,999,Ecuador,connect.txt
176.31.69.137,56789,France,connect.txt
131.255.56.169,9292,Brazil,connect.txt
103.124.137.150,20,Japan,connect.txt
210.87.125.58,1080,Indonesia,connect.txt
114.9.17.2,8080,Indonesia,connect.txt
217.169.211.82,6666,Serbia,connect.txt
120.28.218.160,5050,Philippines,connect.txt
200.29.232.230,8080,Colombia,connect.txt
103.133.27.42,8181,Indonesia,connect.txt
38.158.83.161,999,Peru,connect.txt
103.141.150.187,7777,Indonesia,connect.txt
114.141.54.100,1111,Indonesia,connect.txt
38.191.202.216,999,Colombia,connect.txt
191.97.14.189,999,Colombia,connect.txt
186.96.67.58,999,Venezuela,connect.txt
201.186.41.170,999,Chile,connect.txt
103.112.52.156,8765,Bangladesh,connect.txt
103.10.55.137,8664,Bangladesh,connect.txt
119.92.241.193,8081,Philippines,connect.txt
38.194.245.250,3128,Mexico,connect.txt
193.33.153.47,3128,The Netherlands,connect.txt
190.60.44.115,999,Colombia,connect.txt
38.158.83.129,999,Peru,connect.txt
103.132.40.58,7777,Indonesia,connect.txt
103.67.91.50,8081,Indonesia,connect.txt
179.48.80.9,8085,Brazil,connect.txt
157.15.139.135,8080,Indonesia,connect.txt
188.132.221.233,8080,T�rkiye,connect.txt
124.107.15.43,8082,Philippines,connect.txt
187.188.172.17,8080,Mexico,connect.txt
202.138.241.102,9384,Indonesia,connect.txt
200.98.200.95,25000,Brazil,connect.txt
36.37.163.113,8080,Cambodia,connect.txt
160.19.19.23,8080,Indonesia,connect.txt
159.69.57.20,8880,The Netherlands,connect.txt
200.98.201.8,25000,Brazil,connect.txt
200.98.201.63,25000,Brazil,connect.txt
143.44.191.233,6789,Philippines,connect.txt
62.80.166.106,8888,Ukraine,connect.txt
49.0.115.34,3128,Thailand,connect.txt
38.183.182.242,999,Peru,connect.txt
195.205.33.21,8080,Poland,connect.txt
190.8.164.120,999,Venezuela,connect.txt
103.132.52.196,8080,Indonesia,connect.txt
103.156.17.39,8818,Indonesia,connect.txt
103.173.139.10,8080,Indonesia,connect.txt
103.142.254.240,1111,Indonesia,connect.txt
103.187.86.24,8183,Indonesia,connect.txt
202.58.77.77,1111,Indonesia,connect.txt
103.165.157.32,8080,Indonesia,connect.txt
222.127.171.128,8082,Philippines,connect.txt
186.96.70.5,999,Venezuela,connect.txt
157.20.144.195,8081,Indonesia,connect.txt
182.253.122.152,3127,Indonesia,connect.txt
201.150.118.38,999,Mexico,connect.txt
103.251.8.135,3128,Indonesia,connect.txt
194.31.212.109,8080,Ukraine,connect.txt
195.114.7.6,8095,Ukraine,connect.txt
103.125.174.68,7777,Indonesia,connect.txt
186.96.68.70,999,Venezuela,connect.txt
78.108.41.124,9110,Greece,connect.txt
205.209.106.26,3128,United States,connect.txt
103.138.26.101,8080,Bangladesh,connect.txt
36.95.245.7,8090,Indonesia,connect.txt
202.57.25.133,8080,Indonesia,connect.txt
101.255.119.25,8080,Indonesia,connect.txt
102.0.10.54,8080,Kenya,connect.txt
196.251.193.131,8080,South Africa,connect.txt
124.107.200.213,8081,Philippines,connect.txt
177.234.217.85,999,Ecuador,connect.txt
103.187.113.77,8080,Indonesia,connect.txt
103.156.74.156,8083,Indonesia,connect.txt
103.156.248.13,8080,Indonesia,connect.txt
102.38.7.110,1972,Libya,connect.txt
103.122.1.14,8181,Indonesia,connect.txt
103.155.168.88,8299,Indonesia,connect.txt
177.93.59.71,999,Colombia,connect.txt
157.15.62.100,8080,Indonesia,connect.txt
222.252.24.246,8080,Vietnam,connect.txt
38.52.158.76,999,Colombia,connect.txt
115.178.49.11,8080,Indonesia,connect.txt
5.181.178.34,8080,Indonesia,connect.txt
103.156.16.233,8818,Indonesia,connect.txt
2.85.32.200,8080,Greece,connect.txt
202.162.41.6,2025,Indonesia,connect.txt
103.247.15.132,8080,Indonesia,connect.txt
38.191.161.189,999,Dominican Republic,connect.txt
103.149.238.194,1111,Indonesia,connect.txt
180.191.49.99,8082,Philippines,connect.txt
38.191.146.7,999,Colombia,connect.txt
201.230.121.114,999,Peru,connect.txt
103.39.70.100,8181,Indonesia,connect.txt
103.39.70.250,8181,Indonesia,connect.txt
202.93.244.66,1111,Indonesia,connect.txt
103.36.11.119,8181,Indonesia,connect.txt
103.156.248.74,3127,Indonesia,connect.txt
103.162.222.242,8080,Indonesia,connect.txt
43.224.171.232,1080,Indonesia,connect.txt
112.201.187.253,8085,Philippines,connect.txt
149.86.159.94,8080,T�rkiye,connect.txt
103.155.198.142,1080,Indonesia,connect.txt
103.172.121.52,8080,Indonesia,connect.txt
41.139.220.125,8080,Kenya,connect.txt
102.68.128.212,8080,Libya,connect.txt
177.87.15.141,8081,Brazil,connect.txt
203.201.174.211,64321,Indonesia,connect.txt
103.247.23.242,1111,Indonesia,connect.txt
181.14.211.72,3128,Argentina,connect.txt
202.149.89.69,8080,Indonesia,connect.txt
103.131.232.10,8080,Australia,connect.txt
45.171.64.19,999,Guatemala,connect.txt
170.245.132.85,999,Paraguay,connect.txt
186.0.144.141,9595,Brazil,connect.txt
185.191.107.89,1080,Italy,connect.txt
103.39.70.223,8181,Indonesia,connect.txt
119.156.195.172,3128,Pakistan,connect.txt
190.95.202.213,999,Ecuador,connect.txt
27.147.152.66,58080,Bangladesh,connect.txt
202.40.179.33,9090,Bangladesh,connect.txt
67.43.236.21,9137,Indonesia,connect.txt
103.156.141.170,8080,Indonesia,connect.txt
119.95.189.197,8082,Philippines,connect.txt
45.4.0.33,999,Chile,connect.txt
45.167.126.37,999,Colombia,connect.txt
45.70.239.227,999,Ecuador,connect.txt
103.153.34.2,1111,Indonesia,connect.txt
143.0.243.80,8080,Brazil,connect.txt
41.65.71.141,1976,Egypt,connect.txt
106.0.168.138,8080,Thailand,connect.txt
181.39.12.230,999,Ecuador,connect.txt
45.115.136.32,8080,Indonesia,connect.txt
36.67.226.165,8080,Indonesia,connect.txt
99.20.24.9,8888,United States,connect.txt
79.106.108.150,8079,Albania,connect.txt
68.183.179.119,8888,Singapore,connect.txt
103.11.193.76,8080,Mongolia,connect.txt
38.123.220.173,999,Argentina,connect.txt
190.61.55.19,999,Colombia,connect.txt
171.248.201.90,10001,Vietnam,connect.txt
103.169.41.212,8080,Indonesia,connect.txt
103.108.156.133,8080,Indonesia,connect.txt
160.250.35.254,8080,Japan,connect.txt
188.132.222.25,8080,T�rkiye,connect.txt
38.123.220.111,999,Mexico,connect.txt
38.159.229.51,999,Ecuador,connect.txt
203.172.225.227,8080,Thailand,connect.txt
200.98.200.116,25000,Brazil,connect.txt
213.149.182.98,8080,Cyprus,connect.txt
103.186.90.133,3125,Indonesia,connect.txt
103.165.155.171,1111,Indonesia,connect.txt
157.15.172.50,8080,Indonesia,connect.txt
115.127.98.18,58080,Bangladesh,connect.txt
38.51.48.18,999,Dominican Republic,connect.txt
180.190.202.141,8082,Philippines,connect.txt
103.81.194.167,8080,Indonesia,connect.txt
49.156.44.114,8080,Cambodia,connect.txt
160.25.245.12,8090,Indonesia,connect.txt
103.18.79.181,8080,Indonesia,connect.txt
103.56.206.67,4000,Indonesia,connect.txt
103.125.173.75,8088,Indonesia,connect.txt
109.111.166.40,8080,Russia,connect.txt
101.255.32.42,8080,Indonesia,connect.txt
106.0.158.114,8080,Thailand,connect.txt
138.117.230.131,999,Guatemala,connect.txt
181.78.49.177,999,Argentina,connect.txt
189.196.18.150,999,Mexico,connect.txt
103.68.233.142,8080,Indonesia,connect.txt
186.180.20.34,8080,Colombia,connect.txt
103.193.144.81,8080,Indonesia,connect.txt
102.211.216.18,8080,Kenya,connect.txt
115.147.39.206,8081,Philippines,connect.txt
175.137.196.48,8080,Malaysia,connect.txt
165.16.3.210,9999,Libya,connect.txt
165.16.3.198,9999,Libya,connect.txt
181.174.231.44,8080,Colombia,connect.txt
181.129.147.163,8080,Colombia,connect.txt
163.61.55.129,8081,,connect.txt
110.235.146.178,8080,Philippines,connect.txt
138.59.11.192,999,Venezuela,connect.txt
200.107.142.36,3128,Peru,connect.txt
190.111.218.139,999,Argentina,connect.txt
181.143.181.35,8080,Colombia,connect.txt
190.249.138.148,8080,Colombia,connect.txt
177.234.234.92,999,Ecuador,connect.txt
200.71.111.129,999,Mexico,connect.txt
186.97.200.214,999,Colombia,connect.txt
179.49.237.102,999,Chile,connect.txt
167.249.68.164,8080,Brazil,connect.txt
78.9.232.205,8080,Poland,connect.txt
202.152.139.179,8080,Indonesia,connect.txt
177.101.86.13,3128,Brazil,connect.txt
181.45.78.136,8080,Argentina,connect.txt
180.191.51.218,8082,Philippines,connect.txt
38.159.229.54,999,Ecuador,connect.txt
103.11.216.160,3128,Thailand,connect.txt
187.251.130.140,8080,Mexico,connect.txt
103.54.80.194,8082,Indonesia,connect.txt
72.10.160.94,25813,Brazil,connect.txt
103.126.87.220,8080,Indonesia,connect.txt
176.105.212.219,8080,Ukraine,connect.txt
181.198.120.211,999,Ecuador,connect.txt
200.106.63.217,999,Peru,connect.txt
197.157.221.113,9999,South Africa,connect.txt
180.92.224.21,8080,Bangladesh,connect.txt
131.221.41.241,4040,Colombia,connect.txt
199.66.157.89,8080,United States,connect.txt
95.214.123.76,8080,Hungary,connect.txt
78.101.252.216,8080,Qatar,connect.txt
194.160.189.181,8080,Slovakia,connect.txt
103.169.255.201,6080,Indonesia,connect.txt
179.49.202.202,999,Ecuador,connect.txt
179.49.202.204,999,Ecuador,connect.txt
154.27.196.213,999,Mexico,connect.txt
38.57.232.114,999,Dominican Republic,connect.txt
186.215.43.65,3128,Brazil,connect.txt
181.198.1.85,999,Ecuador,connect.txt
2.139.80.104,3128,Spain,connect.txt
182.253.62.199,8080,Indonesia,connect.txt
103.76.106.17,8080,Indonesia,connect.txt
103.178.171.37,8080,Indonesia,connect.txt
38.188.178.6,999,Colombia,connect.txt
157.15.172.30,8080,Indonesia,connect.txt
103.25.195.127,8181,Indonesia,connect.txt
5.181.178.30,8080,Indonesia,connect.txt
200.149.27.31,8080,Brazil,connect.txt
202.154.18.176,8082,Indonesia,connect.txt
41.65.103.17,1981,Egypt,connect.txt
49.48.64.59,8080,Thailand,connect.txt
185.250.180.238,8080,Spain,connect.txt
124.121.94.199,80,Thailand,connect.txt
154.127.219.242,999,Angola,connect.txt
1.2.176.75,8080,Thailand,connect.txt
103.171.255.243,8080,Indonesia,connect.txt
103.81.194.124,8080,Indonesia,connect.txt
200.208.96.194,443,Brazil,connect.txt
152.22.50.22,10989,United States,connect.txt
200.208.96.194,425,Brazil,connect.txt
58.136.169.193,8080,Thailand,connect.txt
103.125.174.113,8080,Indonesia,connect.txt
103.171.83.63,1111,Indonesia,connect.txt
113.192.31.189,8080,Indonesia,connect.txt
140.250.148.235,4432,China,connect.txt
177.53.214.172,999,Ecuador,connect.txt
179.49.162.97,999,Colombia,connect.txt
181.119.83.245,999,Colombia,connect.txt
154.27.196.223,999,Mexico,connect.txt
181.78.200.77,999,Ecuador,connect.txt
45.238.20.156,999,Chile,connect.txt
201.182.242.209,999,Ecuador,connect.txt
186.96.66.152,999,Venezuela,connect.txt
45.171.221.39,999,Chile,connect.txt
180.191.14.156,8088,Philippines,connect.txt
103.10.228.247,8080,Thailand,connect.txt
190.121.128.36,11201,Colombia,connect.txt
101.108.1.178,8080,Thailand,connect.txt
157.20.98.75,1111,Indonesia,connect.txt
49.48.124.55,8080,Thailand,connect.txt
160.19.19.109,8080,Indonesia,connect.txt
103.20.88.6,8080,Indonesia,connect.txt
45.118.113.58,8080,Indonesia,connect.txt
125.161.30.13,3128,Indonesia,connect.txt
38.52.158.155,999,Colombia,connect.txt
154.27.196.197,999,Mexico,connect.txt
169.255.198.116,8080,South Africa,connect.txt
103.153.39.37,8083,Pakistan,connect.txt
72.10.160.90,28827,Argentina,connect.txt
103.154.230.82,8080,Indonesia,connect.txt
223.206.56.2,8080,Thailand,connect.txt
197.44.247.35,3128,Egypt,connect.txt
27.66.117.172,10007,Vietnam,connect.txt
38.52.208.37,999,Guatemala,connect.txt
103.76.109.30,8080,Indonesia,connect.txt
124.121.2.233,8080,Thailand,connect.txt
27.66.117.172,10001,Vietnam,connect.txt
27.66.117.172,10006,Vietnam,connect.txt
119.156.195.169,3128,Pakistan,connect.txt
113.53.98.129,8080,Thailand,connect.txt
27.79.198.248,16000,Vietnam,connect.txt
72.10.160.90,13413,Brazil,connect.txt
67.43.228.253,13149,United States,connect.txt
72.10.160.92,28345,Venezuela,connect.txt
80.241.251.54,8080,Georgia,http.txt
47.56.110.204,8989,Hong Kong,http.txt
117.54.114.102,80,Indonesia,http.txt
117.54.114.98,80,Indonesia,http.txt
117.54.114.97,80,Indonesia,http.txt
135.181.154.225,80,Finland,http.txt
103.180.123.27,8080,Indonesia,http.txt
8.209.255.13,3128,Japan,http.txt
47.91.65.23,3128,Germany,http.txt
103.49.114.195,8080,Bangladesh,http.txt
185.101.16.52,80,Lebanon,http.txt
93.180.221.205,8080,Iraq,http.txt
103.165.157.79,8090,Indonesia,http.txt
84.39.112.144,3128,Switzerland,http.txt
182.253.181.10,8080,Indonesia,http.txt
188.166.197.129,3128,Singapore,http.txt
97.74.87.226,80,Singapore,http.txt
36.94.232.177,3113,Indonesia,http.txt
103.160.182.77,8080,Indonesia,http.txt
87.248.129.26,80,United Arab Emirates,http.txt
111.1.61.47,3128,China,http.txt
203.174.15.83,8080,Indonesia,http.txt
180.89.56.240,3128,China,http.txt
157.10.3.10,8080,Indonesia,http.txt
142.93.202.130,3128,United States,http.txt
103.174.236.88,8080,Indonesia,http.txt
103.143.105.138,8080,Indonesia,http.txt
47.83.192.255,8888,United States,http.txt
202.93.245.18,8080,Indonesia,http.txt
103.191.196.76,8080,Indonesia,http.txt
103.153.190.218,8081,Indonesia,http.txt
42.96.16.71,3128,Vietnam,http.txt
41.254.48.66,1976,Libya,http.txt
38.66.207.17,999,Venezuela,http.txt
103.69.60.8,8080,Indonesia,http.txt
176.32.2.193,8080,Ukraine,http.txt
102.88.13.62,8080,Nigeria,http.txt
103.247.14.51,9285,Indonesia,http.txt
79.110.201.235,8081,Poland,http.txt
103.88.91.14,8080,Indonesia,http.txt
103.80.230.26,8090,Indonesia,http.txt
190.7.138.78,8080,Colombia,http.txt
103.168.149.48,8181,Indonesia,http.txt
103.220.23.177,8080,Indonesia,http.txt
38.45.242.120,999,Mexico,http.txt
185.49.31.207,8081,Poland,http.txt
45.177.16.129,999,Paraguay,http.txt
208.87.243.199,7878,United States,http.txt
103.179.252.75,8181,Indonesia,http.txt
98.64.128.182,3128,The Netherlands,http.txt
79.110.202.184,8081,Poland,http.txt
83.118.60.147,8213,Thailand,http.txt
103.46.11.92,8080,Indonesia,http.txt
188.132.222.17,8080,T�rkiye,http.txt
103.98.30.134,1289,Indonesia,http.txt
103.165.156.148,8090,Indonesia,http.txt
83.168.74.163,8080,Poland,http.txt
212.127.95.235,8081,Poland,http.txt
103.164.229.173,8085,Indonesia,http.txt
83.168.72.172,8081,Poland,http.txt
187.62.241.136,8080,Brazil,http.txt
103.160.205.38,8181,Indonesia,http.txt
103.227.187.3,6080,Indonesia,http.txt
220.233.184.21,80,Australia,http.txt
222.127.206.145,8082,Philippines,http.txt
103.86.116.83,8080,Indonesia,http.txt
181.118.150.14,999,Colombia,http.txt
45.6.1.97,999,Brazil,http.txt
103.184.180.21,8080,Indonesia,http.txt
61.164.204.130,4999,China,http.txt
223.25.110.41,8085,Indonesia,http.txt
122.52.213.79,62102,Philippines,http.txt
103.156.17.56,8181,Indonesia,http.txt
45.249.225.245,8080,Indonesia,http.txt
161.82.141.219,8080,Thailand,http.txt
103.156.233.33,8080,Indonesia,http.txt
103.130.83.6,8080,Indonesia,http.txt
157.15.82.118,8080,Indonesia,http.txt
79.110.202.131,8081,Poland,http.txt
109.197.153.25,8888,Russia,http.txt
81.169.213.169,8888,Germany,http.txt
103.158.121.74,1080,Indonesia,http.txt
148.66.6.212,80,Hong Kong,http.txt
148.66.6.210,80,Hong Kong,http.txt
4.149.210.210,3128,United States,http.txt
103.247.21.236,8080,Indonesia,http.txt
103.24.213.141,8090,Indonesia,http.txt
185.200.38.215,8080,T�rkiye,http.txt
103.149.238.67,8080,Indonesia,http.txt
179.49.114.179,999,Honduras,http.txt
103.193.144.223,8080,Indonesia,http.txt
103.133.26.119,8080,Indonesia,http.txt
38.172.128.13,999,Peru,http.txt
103.83.224.176,8080,Philippines,http.txt
1.32.48.212,8081,Malaysia,http.txt
185.9.75.195,8080,Russia,http.txt
37.156.46.209,8080,Switzerland,http.txt
103.230.81.33,8080,Indonesia,http.txt
79.110.200.27,8000,Poland,http.txt
83.168.75.202,8081,Poland,http.txt
103.151.22.26,8082,Indonesia,http.txt
103.191.58.65,8080,Indonesia,http.txt
45.225.25.192,8080,Brazil,http.txt
170.78.210.123,999,Mexico,http.txt
91.107.154.214,80,Germany,http.txt
168.196.161.80,8080,Brazil,http.txt
177.234.217.42,999,Ecuador,http.txt
103.123.235.42,8080,India,http.txt
154.0.14.116,3128,South Africa,http.txt
103.148.130.43,8080,Indonesia,http.txt
119.18.151.49,8080,Bangladesh,http.txt
38.183.146.143,8090,Indonesia,http.txt
190.5.96.154,999,Honduras,http.txt
38.44.243.32,999,Dominican Republic,http.txt
185.162.60.46,8080,Hungary,http.txt
91.205.196.215,8080,Armenia,http.txt
200.106.63.218,999,Peru,http.txt
103.156.248.78,8080,Indonesia,http.txt
14.248.84.131,8080,Vietnam,http.txt
103.193.144.13,8080,Indonesia,http.txt
103.46.10.50,7777,Indonesia,http.txt
38.194.246.34,999,Mexico,http.txt
45.123.143.18,8080,Indonesia,http.txt
34.143.143.61,7777,Singapore,http.txt
103.110.10.198,702,Indonesia,http.txt
103.247.14.137,8285,Indonesia,http.txt
103.126.87.112,1285,Indonesia,http.txt
103.159.96.189,3122,Indonesia,http.txt
200.6.176.58,9992,Colombia,http.txt
197.164.101.13,1976,Egypt,http.txt
177.234.217.82,999,Ecuador,http.txt
103.227.107.5,8090,Indonesia,http.txt
154.236.168.176,1976,Egypt,http.txt
103.172.42.121,8086,Indonesia,http.txt
190.185.112.58,999,Honduras,http.txt
119.93.9.125,8082,Philippines,http.txt
8.213.151.128,3128,Singapore,http.txt
47.243.92.199,3128,Hong Kong,http.txt
47.91.104.88,3128,United Arab Emirates,http.txt
201.77.97.96,999,Mexico,http.txt
103.165.157.239,1080,Indonesia,http.txt
45.224.149.99,999,Ecuador,http.txt
103.189.254.28,2222,Indonesia,http.txt
103.224.73.77,3128,Indonesia,http.txt
177.10.145.24,8080,Brazil,http.txt
41.59.90.175,80,Tanzania,http.txt
201.77.97.46,999,Mexico,http.txt
47.254.88.250,13001,United States,http.txt
196.202.91.43,8080,Egypt,http.txt
123.25.234.143,8090,Vietnam,http.txt
179.1.147.133,999,Peru,http.txt
110.76.145.4,8090,Indonesia,http.txt
216.250.11.178,3128,Turkmenistan,http.txt
14.225.210.186,3129,Vietnam,http.txt
103.127.220.98,1413,Indonesia,http.txt
103.234.255.210,57413,Indonesia,http.txt
186.101.251.197,8080,Ecuador,http.txt
103.172.42.105,1111,Indonesia,http.txt
178.63.237.156,80,Germany,http.txt
103.156.17.158,8818,Indonesia,http.txt
201.182.242.212,999,Ecuador,http.txt
201.150.118.26,999,Mexico,http.txt
38.156.75.50,4230,T�rkiye,http.txt
51.15.228.52,8080,France,http.txt
94.103.83.90,3128,Russia,http.txt
38.156.75.130,8080,T�rkiye,http.txt
47.89.184.18,3128,United States,http.txt
103.67.85.130,8082,Indonesia,http.txt
149.86.140.131,8080,T�rkiye,http.txt
185.191.236.162,3128,Switzerland,http.txt
103.153.35.177,1111,Indonesia,http.txt
201.77.96.145,999,Mexico,http.txt
79.106.170.34,8989,Albania,http.txt
179.49.202.42,999,Dominican Republic,http.txt
103.179.218.14,1080,Indonesia,http.txt
14.164.129.214,8080,Vietnam,http.txt
119.92.255.3,3128,Philippines,http.txt
199.68.217.2,3128,Canada,http.txt
103.172.121.54,8080,Indonesia,http.txt
162.223.90.150,80,United States,http.txt
103.156.86.130,1080,Indonesia,http.txt
202.61.209.160,80,Austria,http.txt
190.223.60.131,3128,Peru,http.txt
190.61.45.71,999,Colombia,http.txt
120.131.124.23,3128,China,http.txt
89.213.106.253,999,Mexico,http.txt
164.163.73.5,999,Honduras,http.txt
164.163.74.97,999,Honduras,http.txt
204.199.140.17,999,Chile,http.txt
38.41.1.100,999,Venezuela,http.txt
38.156.74.195,8080,T�rkiye,http.txt
119.235.112.42,3128,Turkmenistan,http.txt
103.133.26.7,8080,Indonesia,http.txt
34.102.48.89,8080,United States,http.txt
103.157.83.231,8080,Indonesia,http.txt
186.231.33.58,61804,Brazil,http.txt
103.144.18.55,3127,Indonesia,http.txt
103.66.47.34,8080,Indonesia,http.txt
103.99.136.42,8080,Indonesia,http.txt
8.222.235.39,3128,Singapore,http.txt
45.175.237.152,999,Mexico,http.txt
170.78.208.241,999,Mexico,http.txt
103.156.57.118,8080,Indonesia,http.txt
103.39.51.207,8080,Indonesia,http.txt
103.121.165.229,1443,China,http.txt
5.102.109.41,999,Mexico,http.txt
103.126.87.160,8080,Indonesia,http.txt
203.95.196.41,8080,Cambodia,http.txt
181.119.111.59,999,Guatemala,http.txt
188.125.169.233,8080,T�rkiye,http.txt
201.150.119.170,999,Mexico,http.txt
160.19.178.43,8080,Indonesia,http.txt
103.141.152.106,8989,Indonesia,http.txt
41.216.186.200,8080,Indonesia,http.txt
103.242.106.157,8080,Indonesia,http.txt
170.246.1.249,3128,Brazil,http.txt
200.106.236.142,3128,El Salvador,http.txt
137.59.225.35,8080,Pakistan,http.txt
103.87.148.98,8080,Indonesia,http.txt
103.151.226.133,8080,Indonesia,http.txt
175.103.54.150,8080,Indonesia,http.txt
38.191.42.201,999,Colombia,http.txt
165.90.64.216,8080,Mozambique,http.txt
202.175.246.181,8080,Philippines,http.txt
200.8.19.122,8080,Venezuela,http.txt
116.254.113.83,8080,Indonesia,http.txt
190.111.218.142,999,Argentina,http.txt
182.16.171.101,8080,Indonesia,http.txt
181.111.164.211,999,Argentina,http.txt
186.4.132.37,8080,Ecuador,http.txt
202.52.48.174,4444,Indonesia,http.txt
41.89.22.100,3128,Kenya,http.txt
201.150.6.201,8081,Mexico,http.txt
45.170.226.250,999,Nicaragua,http.txt
186.96.111.214,999,Colombia,http.txt
103.125.16.101,8080,Indonesia,http.txt
72.10.160.172,22677,Saudi Arabia,http.txt
49.48.130.16,8080,Thailand,http.txt
89.58.52.160,80,Germany,http.txt
89.58.55.33,80,Germany,http.txt
89.58.53.205,80,Germany,http.txt
5.104.75.104,3128,Germany,http.txt
89.58.57.45,80,Germany,http.txt
79.116.15.191,3128,Spain,http.txt
89.58.55.193,80,Germany,http.txt
3.110.108.38,8888,India,http.txt
184.82.61.123,8080,Thailand,http.txt
197.164.101.18,1981,Egypt,http.txt
140.238.30.184,8080,South Korea,http.txt
45.174.57.118,999,Mexico,http.txt
45.161.32.81,8082,Ecuador,http.txt
180.254.159.88,8080,Indonesia,http.txt
103.154.118.245,8080,Indonesia,http.txt
103.18.79.30,8080,Indonesia,http.txt
193.95.53.131,8077,Tunisia,http.txt
103.137.110.42,8080,Indonesia,http.txt
190.61.116.29,999,Honduras,http.txt
210.87.125.146,8090,Indonesia,http.txt
38.191.85.32,999,Peru,http.txt
27.123.222.193,8080,Indonesia,http.txt
145.239.104.253,3128,France,http.txt
138.59.10.112,999,Venezuela,http.txt
68.183.18.142,8888,United States,http.txt
102.23.235.214,8080,South Africa,http.txt
43.252.236.132,1111,Indonesia,http.txt
77.75.95.14,80,Lebanon,http.txt
125.164.214.87,8080,Indonesia,http.txt
102.164.220.243,8080,South Africa,http.txt
36.88.123.196,8080,Indonesia,http.txt
45.123.142.83,1111,Indonesia,http.txt
49.12.216.1,80,Germany,http.txt
223.206.126.143,8080,Thailand,http.txt
49.48.94.130,8080,Thailand,http.txt
190.52.101.148,999,Venezuela,http.txt
41.33.14.238,1976,Egypt,http.txt
112.198.132.107,8082,Philippines,http.txt
38.156.75.144,8080,T�rkiye,http.txt
50.93.200.13,8080,United States,http.txt
103.191.165.196,8181,Indonesia,http.txt
103.153.38.60,8083,Pakistan,http.txt
27.66.117.172,10004,Vietnam,http.txt
119.156.195.171,3128,Pakistan,http.txt
103.118.44.199,8080,Cambodia,http.txt
190.121.151.165,999,Colombia,http.txt
103.157.116.171,8080,Indonesia,http.txt
91.239.7.66,80,France,http.txt
102.132.38.247,8080,South Africa,http.txt
103.120.146.11,8080,Indonesia,http.txt
58.69.177.231,8082,Philippines,http.txt
103.163.171.203,6598,Bangladesh,http.txt
103.163.171.201,3265,Bangladesh,http.txt
38.172.129.80,999,Peru,http.txt
109.200.161.119,8080,Yemen,http.txt
5.161.104.22,8888,United States,https.txt
5.161.70.13,8888,United States,https.txt
134.209.108.22,8888,Singapore,https.txt
134.209.108.84,8888,Singapore,https.txt
134.209.108.165,8888,Singapore,https.txt
134.209.108.167,8888,Singapore,https.txt
84.17.47.150,9002,The Netherlands,https.txt
84.17.47.149,9002,The Netherlands,https.txt
84.17.47.148,9002,The Netherlands,https.txt
84.17.47.147,9002,The Netherlands,https.txt
84.17.47.146,9002,The Netherlands,https.txt
84.17.47.126,9002,The Netherlands,https.txt
84.17.47.125,9002,The Netherlands,https.txt
84.17.47.124,9002,The Netherlands,https.txt
5.161.156.91,8888,United States,https.txt
5.161.42.38,8888,United States,https.txt
178.128.221.182,8888,Singapore,https.txt
5.161.155.198,8888,United States,https.txt
134.209.99.88,8888,Singapore,https.txt
192.248.152.39,8888,United Kingdom,https.txt
155.138.144.61,8888,Canada,https.txt
192.248.155.67,8888,United Kingdom,https.txt
155.138.149.154,8888,Canada,https.txt
155.138.151.230,8888,Canada,https.txt
5.161.98.16,8888,United States,https.txt
155.138.130.128,8888,Canada,https.txt
45.63.97.57,8888,United Kingdom,https.txt
155.138.159.63,8888,Canada,https.txt
193.176.84.16,9002,Romania,https.txt
193.176.84.19,9002,Romania,https.txt
193.176.84.20,9002,Romania,https.txt
193.176.84.21,9002,Romania,https.txt
193.176.84.22,9002,Romania,https.txt
193.176.84.23,9002,Romania,https.txt
45.77.187.120,8888,United States,https.txt
65.108.150.56,8443,Finland,https.txt
68.183.143.134,443,United States,https.txt
102.223.20.217,443,Ghana,https.txt
194.67.91.153,443,Russia,https.txt
138.197.102.119,443,United States,https.txt
203.57.51.53,443,Australia,https.txt
143.110.232.177,443,United States,https.txt
129.151.160.199,443,South Africa,https.txt
197.243.20.178,443,Rwanda,https.txt
202.61.204.51,443,Germany,https.txt
74.103.66.15,443,United States,https.txt
31.28.4.192,443,Russia,https.txt
167.99.124.118,443,United States,https.txt
4.188.236.47,443,India,https.txt
78.28.152.111,443,Bosnia and Herzegovina,https.txt
95.179.197.240,8888,United Kingdom,https.txt
196.223.129.21,443,South Africa,https.txt
34.122.187.196,443,United States,https.txt
103.37.111.253,10086,Japan,https.txt
78.28.152.113,443,Bosnia and Herzegovina,https.txt
206.81.26.113,443,Germany,https.txt
23.88.59.163,443,Germany,https.txt
23.106.249.54,443,Singapore,https.txt
23.106.249.36,443,Singapore,https.txt
95.179.232.127,8888,United Kingdom,https.txt
23.106.56.35,443,United Kingdom,https.txt
51.38.191.151,443,France,https.txt
23.106.249.39,443,Singapore,https.txt
23.106.249.37,443,Singapore,https.txt
147.182.180.242,443,United States,https.txt
154.65.39.7,443,Senegal,https.txt
46.101.115.59,443,Germany,https.txt
204.48.31.203,443,United States,https.txt
154.65.39.8,443,Senegal,https.txt
207.244.89.162,443,United States,https.txt
103.37.111.253,10089,Japan,https.txt
23.106.249.35,443,Singapore,https.txt
207.178.166.187,443,United States,https.txt
103.179.190.121,443,Vietnam,https.txt
23.106.249.34,443,Singapore,https.txt
23.106.56.54,443,United Kingdom,https.txt
116.203.117.22,443,Germany,https.txt
65.108.104.111,443,Finland,https.txt
167.172.78.155,8888,Singapore,https.txt
78.141.244.9,8888,United Kingdom,https.txt
78.141.193.27,8888,United Kingdom,https.txt
184.168.123.21,443,Singapore,https.txt
128.199.207.200,443,Singapore,https.txt
144.91.90.109,443,Germany,https.txt
45.114.142.178,443,India,https.txt
34.68.168.129,443,United States,https.txt
138.199.35.215,9002,United States,https.txt
138.199.35.214,9002,United States,https.txt
138.199.35.213,9002,United States,https.txt
138.199.35.212,9002,United States,https.txt
138.199.35.208,9002,United States,https.txt
138.199.35.205,9002,United States,https.txt
138.199.35.204,9002,United States,https.txt
138.199.35.203,9002,United States,https.txt
138.199.35.201,9002,United States,https.txt
138.199.35.200,9002,United States,https.txt
138.199.35.198,9002,United States,https.txt
138.199.35.197,9002,United States,https.txt
138.199.35.196,9002,United States,https.txt
138.199.35.195,9002,United States,https.txt
143.198.206.72,8888,Singapore,https.txt
192.53.114.26,443,Singapore,https.txt
45.92.108.112,443,Switzerland,https.txt
193.176.84.24,9002,Romania,https.txt
193.176.84.32,9002,Romania,https.txt
193.176.84.34,9002,Romania,https.txt
193.176.84.35,9002,Romania,https.txt
193.176.84.37,9002,Romania,https.txt
193.176.84.39,9002,Romania,https.txt
193.176.84.40,9002,Romania,https.txt
89.117.55.119,443,Germany,https.txt
193.176.84.9,9002,Romania,https.txt
193.176.84.10,9002,Romania,https.txt
193.176.84.11,9002,Romania,https.txt
193.176.84.12,9002,Romania,https.txt
138.199.35.199,9002,United States,https.txt
138.199.35.217,9002,United States,https.txt
8.218.211.134,3128,Hong Kong,https.txt
167.71.166.28,8443,United States,https.txt
57.129.1.214,443,Germany,https.txt
34.120.193.19,443,United States,https.txt
217.69.241.186,443,Germany,https.txt
162.243.95.8,443,United States,https.txt
188.165.213.106,443,France,https.txt
116.203.49.36,443,Germany,https.txt
23.106.249.52,443,Singapore,https.txt
162.210.194.2,443,United States,https.txt
80.151.202.204,443,Germany,https.txt
84.239.49.164,9002,Romania,https.txt
156.146.59.8,9002,United States,https.txt
156.146.59.2,9002,United States,https.txt
156.146.59.10,9002,United States,https.txt
84.239.49.37,9002,Romania,https.txt
84.239.49.38,9002,Romania,https.txt
84.239.49.39,9002,Romania,https.txt
156.146.59.11,9002,United States,https.txt
84.239.49.40,9002,Romania,https.txt
84.239.49.41,9002,Romania,https.txt
84.239.49.43,9002,Romania,https.txt
84.239.49.44,9002,Romania,https.txt
84.239.49.45,9002,Romania,https.txt
84.239.49.46,9002,Romania,https.txt
84.239.49.47,9002,Romania,https.txt
84.239.49.48,9002,Romania,https.txt
84.239.49.49,9002,Romania,https.txt
84.239.49.50,9002,Romania,https.txt
84.239.49.51,9002,Romania,https.txt
156.146.59.14,9002,United States,https.txt
156.146.59.19,9002,United States,https.txt
84.239.49.157,9002,Romania,https.txt
84.239.49.161,9002,Romania,https.txt
84.239.49.169,9002,Romania,https.txt
84.239.49.200,9002,Romania,https.txt
84.239.49.204,9002,Romania,https.txt
84.239.49.209,9002,Romania,https.txt
84.239.49.218,9002,Romania,https.txt
84.239.49.220,9002,Romania,https.txt
84.239.49.229,9002,Romania,https.txt
84.239.49.231,9002,Romania,https.txt
84.239.49.244,9002,Romania,https.txt
84.239.49.246,9002,Romania,https.txt
84.239.49.247,9002,Romania,https.txt
84.239.49.248,9002,Romania,https.txt
84.239.49.249,9002,Romania,https.txt
84.239.49.250,9002,Romania,https.txt
84.239.49.251,9002,Romania,https.txt
84.239.49.253,9002,Romania,https.txt
84.239.49.254,9002,Romania,https.txt
84.239.14.176,9002,Romania,https.txt
84.239.14.160,9002,Romania,https.txt
84.239.14.146,9002,Romania,https.txt
84.239.14.147,9002,Romania,https.txt
84.239.14.148,9002,Romania,https.txt
84.239.14.149,9002,Romania,https.txt
84.239.14.150,9002,Romania,https.txt
84.239.14.151,9002,Romania,https.txt
84.239.14.152,9002,Romania,https.txt
84.239.14.153,9002,Romania,https.txt
84.239.14.154,9002,Romania,https.txt
84.239.14.155,9002,Romania,https.txt
84.239.14.156,9002,Romania,https.txt
84.239.14.157,9002,Romania,https.txt
84.239.14.158,9002,Romania,https.txt
84.239.14.159,9002,Romania,https.txt
84.239.14.162,9002,Romania,https.txt
84.239.14.163,9002,Romania,https.txt
84.239.14.164,9002,Romania,https.txt
84.239.14.165,9002,Romania,https.txt
84.239.14.166,9002,Romania,https.txt
84.239.14.167,9002,Romania,https.txt
84.239.14.168,9002,Romania,https.txt
84.239.14.169,9002,Romania,https.txt
84.239.14.170,9002,Romania,https.txt
84.239.14.171,9002,Romania,https.txt
84.239.14.172,9002,Romania,https.txt
84.239.14.173,9002,Romania,https.txt
84.239.14.174,9002,Romania,https.txt
84.239.14.175,9002,Romania,https.txt
162.210.194.4,443,United States,https.txt
192.73.244.36,443,United States,https.txt
162.210.194.1,443,United States,https.txt
202.51.68.205,443,Nepal,https.txt
51.254.213.34,443,France,https.txt
51.195.137.60,443,United Kingdom,https.txt
156.232.10.14,3128,United States,https.txt
51.79.173.71,443,Singapore,https.txt
133.242.203.223,443,Japan,https.txt
62.138.18.91,443,France,https.txt
149.202.91.219,443,France,https.txt
23.106.56.2,443,United Kingdom,https.txt
102.130.125.86,443,South Africa,https.txt
130.180.208.145,443,France,https.txt
8.213.150.45,3128,Singapore,https.txt
68.208.221.179,443,United States,https.txt
79.174.12.190,443,Russia,https.txt
203.189.96.232,443,Japan,https.txt
159.65.244.233,443,United States,https.txt
20.205.138.223,443,Hong Kong,https.txt
84.239.49.154,9002,Romania,https.txt
84.239.49.191,9002,Romania,https.txt
84.239.49.238,9002,Romania,https.txt
193.176.84.7,9002,Romania,https.txt
84.239.49.180,9002,Romania,https.txt
84.239.49.245,9002,Romania,https.txt
84.239.49.55,9002,Romania,https.txt
84.239.49.199,9002,Romania,https.txt
138.199.35.207,9002,United States,https.txt
207.244.89.166,443,United States,https.txt
84.239.49.242,9002,Romania,https.txt
84.239.49.178,9002,Romania,https.txt
193.176.84.36,9002,Romania,https.txt
84.239.49.166,9002,Romania,https.txt
138.199.35.220,9002,United States,https.txt
84.239.49.243,9002,Romania,https.txt
23.106.56.52,443,United Kingdom,https.txt
80.154.6.2,8443,Germany,https.txt
84.239.49.211,9002,Romania,https.txt
84.239.49.170,9002,Romania,https.txt
84.239.49.62,9002,Romania,https.txt
193.176.84.3,9002,Romania,https.txt
5.189.154.210,443,Germany,https.txt
84.239.49.60,9002,Romania,https.txt
151.115.78.51,443,Poland,https.txt
84.239.49.219,9002,Romania,https.txt
138.199.35.216,9002,United States,https.txt
193.176.84.29,9002,Romania,https.txt
193.176.84.8,9002,Romania,https.txt
84.239.49.165,9002,Romania,https.txt
84.239.49.230,9002,Romania,https.txt
138.199.35.218,9002,United States,https.txt
193.176.84.33,9002,Romania,https.txt
138.199.35.202,9002,United States,https.txt
84.239.49.162,9002,Romania,https.txt
84.239.49.167,9002,Romania,https.txt
84.239.49.163,9002,Romania,https.txt
193.176.84.14,9002,Romania,https.txt
84.239.49.224,9002,Romania,https.txt
84.17.47.123,9002,The Netherlands,https.txt
84.239.49.188,9002,Romania,https.txt
23.106.56.43,443,United Kingdom,https.txt
84.239.49.160,9002,Romania,https.txt
84.239.49.214,9002,Romania,https.txt
207.244.71.84,443,United States,https.txt
37.9.171.157,443,Slovakia,https.txt
138.199.36.163,9002,Germany,https.txt
84.239.49.232,9002,Romania,https.txt
84.239.49.233,9002,Romania,https.txt
193.176.84.30,9002,Romania,https.txt
84.239.49.175,9002,Romania,https.txt
84.239.49.186,9002,Romania,https.txt
84.239.49.172,9002,Romania,https.txt
84.239.49.177,9002,Romania,https.txt
138.199.36.159,9002,Germany,https.txt
84.239.49.173,9002,Romania,https.txt
84.239.49.201,9002,Romania,https.txt
156.146.59.25,9002,United States,https.txt
84.239.49.61,9002,Romania,https.txt
84.239.49.221,9002,Romania,https.txt
84.239.49.235,9002,Romania,https.txt
84.239.49.240,9002,Romania,https.txt
84.239.49.194,9002,Romania,https.txt
84.239.49.185,9002,Romania,https.txt
69.160.109.210,4444,Jamaica,https.txt
193.176.84.6,9002,Romania,https.txt
84.239.49.159,9002,Romania,https.txt
84.239.49.59,9002,Romania,https.txt
84.239.49.236,9002,Romania,https.txt
193.176.84.4,9002,Romania,https.txt
84.239.49.183,9002,Romania,https.txt
84.239.49.168,9002,Romania,https.txt
84.239.49.176,9002,Romania,https.txt
193.176.84.38,9002,Romania,https.txt
84.239.49.182,9002,Romania,https.txt
138.199.35.219,9002,United States,https.txt
84.239.49.187,9002,Romania,https.txt
84.239.49.56,9002,Romania,https.txt
84.239.49.202,9002,Romania,https.txt
162.210.194.3,443,United States,https.txt
84.239.49.207,9002,Romania,https.txt
84.239.49.227,9002,Romania,https.txt
84.239.49.179,9002,Romania,https.txt
84.239.49.222,9002,Romania,https.txt
138.199.35.206,9002,United States,https.txt
193.176.84.17,9002,Romania,https.txt
193.176.84.13,9002,Romania,https.txt
138.199.36.162,9002,Germany,https.txt
84.239.49.223,9002,Romania,https.txt
84.239.49.210,9002,Romania,https.txt
84.239.49.171,9002,Romania,https.txt
138.199.35.211,9002,United States,https.txt
84.239.49.203,9002,Romania,https.txt
84.239.49.252,9002,Romania,https.txt
84.239.49.239,9002,Romania,https.txt
84.239.49.54,9002,Romania,https.txt
84.239.49.156,9002,Romania,https.txt
84.239.49.205,9002,Romania,https.txt
156.146.59.21,9002,United States,https.txt
84.239.49.198,9002,Romania,https.txt
84.239.49.225,9002,Romania,https.txt
138.199.36.161,9002,Germany,https.txt
84.239.49.155,9002,Romania,https.txt
84.239.49.181,9002,Romania,https.txt
84.239.49.226,9002,Romania,https.txt
84.239.49.190,9002,Romania,https.txt
84.239.49.206,9002,Romania,https.txt
84.239.49.189,9002,Romania,https.txt
138.201.47.105,8443,Germany,https.txt
84.239.49.53,9002,Romania,https.txt
84.239.49.228,9002,Romania,https.txt
138.199.35.209,9002,United States,https.txt
193.176.84.26,9002,Romania,https.txt
23.106.56.53,443,United Kingdom,https.txt
23.106.56.19,443,United Kingdom,https.txt
185.141.63.101,443,Cyprus,https.txt
84.239.49.213,9002,Romania,https.txt
84.239.49.234,9002,Romania,https.txt
84.239.49.217,9002,Romania,https.txt
47.88.35.91,3128,United States,https.txt
147.45.104.252,443,Russia,https.txt
13.80.134.180,443,The Netherlands,https.txt
46.246.96.14,443,Sweden,https.txt
51.83.190.248,443,Poland,https.txt
212.118.37.238,443,The Netherlands,https.txt
79.139.61.227,443,Hungary,https.txt
149.126.16.38,443,Russia,https.txt
159.65.189.245,8888,United States,https.txt
68.183.62.98,8888,United States,https.txt
91.222.238.112,443,Russia,https.txt
162.210.194.4,838,United States,https.txt
162.210.194.1,838,United States,https.txt
162.210.194.2,838,United States,https.txt
162.210.194.3,838,United States,https.txt
143.198.22.162,8888,United States,https.txt
143.198.22.113,8888,United States,https.txt
23.106.249.34,425,Singapore,https.txt
23.106.249.35,425,Singapore,https.txt
23.106.249.36,425,Singapore,https.txt
23.106.249.52,425,Singapore,https.txt
23.106.249.53,425,Singapore,https.txt
23.106.249.54,425,Singapore,https.txt
23.106.56.2,425,United Kingdom,https.txt
162.210.194.2,425,United States,https.txt
162.210.194.1,425,United States,https.txt
162.210.194.4,425,United States,https.txt
162.210.194.3,425,United States,https.txt
23.106.56.19,425,United Kingdom,https.txt
23.106.56.35,425,United Kingdom,https.txt
23.106.56.43,425,United Kingdom,https.txt
23.106.56.53,425,United Kingdom,https.txt
23.106.56.54,425,United Kingdom,https.txt
207.244.89.161,425,United States,https.txt
207.244.89.162,425,United States,https.txt
207.244.89.166,425,United States,https.txt
207.244.89.161,436,United States,https.txt
13.66.206.110,443,United States,https.txt
40.113.199.101,443,United States,https.txt
52.184.228.103,443,United States,https.txt
40.122.106.245,443,United States,https.txt
13.77.70.244,443,United States,https.txt
207.244.71.84,461,United States,https.txt
207.244.89.161,461,United States,https.txt
207.244.89.162,461,United States,https.txt
207.244.89.166,461,United States,https.txt
188.166.90.39,8888,The Netherlands,https.txt
188.166.87.45,8888,The Netherlands,https.txt
188.166.82.32,8888,The Netherlands,https.txt
91.107.230.61,8888,Germany,https.txt
46.246.96.14,143,Sweden,https.txt
162.210.194.3,461,United States,https.txt
8.219.90.226,3128,Singapore,https.txt
154.26.139.232,443,Singapore,https.txt
154.90.48.76,443,Indonesia,https.txt
72.167.140.229,443,United States,https.txt
51.158.253.115,443,France,https.txt
51.158.253.130,443,France,https.txt
51.158.253.120,443,France,https.txt
51.158.253.113,443,France,https.txt
216.128.177.20,8888,Canada,https.txt
146.190.178.108,443,Germany,https.txt
45.32.145.238,8888,France,https.txt
209.97.153.210,8888,United States,https.txt
209.97.153.149,8888,United States,https.txt
209.97.153.60,8888,United States,https.txt
216.128.177.59,8888,Canada,https.txt
23.106.249.35,436,Singapore,https.txt
23.106.249.53,436,Singapore,https.txt
23.106.56.53,436,United Kingdom,https.txt
162.210.194.4,436,United States,https.txt
162.210.194.1,436,United States,https.txt
23.106.56.52,436,United Kingdom,https.txt
23.106.249.37,436,Singapore,https.txt
207.244.89.162,436,United States,https.txt
162.210.194.2,436,United States,https.txt
207.244.89.166,436,United States,https.txt
23.106.56.19,436,United Kingdom,https.txt
23.106.56.43,436,United Kingdom,https.txt
23.106.249.54,436,Singapore,https.txt
162.210.194.3,436,United States,https.txt
23.106.56.2,436,United Kingdom,https.txt
23.106.56.35,436,United Kingdom,https.txt
23.106.249.34,436,Singapore,https.txt
23.106.249.52,436,Singapore,https.txt
23.106.249.39,436,Singapore,https.txt
23.106.56.54,436,United Kingdom,https.txt
23.106.249.36,436,Singapore,https.txt
207.244.71.84,436,United States,https.txt
51.158.253.153,443,France,https.txt
23.106.56.22,436,United Kingdom,https.txt
51.158.253.152,443,France,https.txt
23.106.56.53,838,United Kingdom,https.txt
23.106.56.2,838,United Kingdom,https.txt
23.106.56.52,838,United Kingdom,https.txt
23.106.249.53,838,Singapore,https.txt
23.106.249.52,838,Singapore,https.txt
23.106.56.43,1007,United Kingdom,https.txt
23.106.249.37,1007,Singapore,https.txt
23.106.56.22,1007,United Kingdom,https.txt
162.210.194.3,1007,United States,https.txt
23.106.56.35,1007,United Kingdom,https.txt
23.106.249.52,1007,Singapore,https.txt
162.210.194.1,1007,United States,https.txt
23.106.56.53,1007,United Kingdom,https.txt
162.210.194.4,1007,United States,https.txt
23.106.56.2,1007,United Kingdom,https.txt
162.210.194.2,1007,United States,https.txt
23.106.249.53,1007,Singapore,https.txt
23.106.56.19,1007,United Kingdom,https.txt
23.106.56.52,1007,United Kingdom,https.txt
23.106.249.54,901,Singapore,https.txt
23.106.249.52,901,Singapore,https.txt
162.210.194.4,901,United States,https.txt
23.106.56.35,901,United Kingdom,https.txt
23.106.56.22,901,United Kingdom,https.txt
207.244.89.162,901,United States,https.txt
23.106.56.52,901,United Kingdom,https.txt
23.106.56.54,901,United Kingdom,https.txt
207.244.71.84,901,United States,https.txt
23.106.56.53,901,United Kingdom,https.txt
23.106.56.2,901,United Kingdom,https.txt
23.106.249.36,901,Singapore,https.txt
23.106.56.19,901,United Kingdom,https.txt
23.106.56.43,901,United Kingdom,https.txt
23.106.249.35,901,Singapore,https.txt
162.210.194.1,901,United States,https.txt
162.210.194.2,901,United States,https.txt
23.106.249.53,901,Singapore,https.txt
162.210.194.3,901,United States,https.txt
23.106.56.19,838,United Kingdom,https.txt
84.239.49.42,9002,Romania,https.txt
84.239.49.57,9002,Romania,https.txt
23.106.56.35,838,United Kingdom,https.txt
84.239.49.58,9002,Romania,https.txt
84.239.49.158,9002,Romania,https.txt
84.239.49.184,9002,Romania,https.txt
84.239.49.192,9002,Romania,https.txt
84.239.49.193,9002,Romania,https.txt
84.239.49.196,9002,Romania,https.txt
84.239.49.197,9002,Romania,https.txt
84.239.49.208,9002,Romania,https.txt
84.239.49.212,9002,Romania,https.txt
84.239.49.215,9002,Romania,https.txt
84.239.49.241,9002,Romania,https.txt
23.106.56.22,425,United Kingdom,https.txt
51.158.252.252,443,France,https.txt
23.106.56.53,905,United Kingdom,https.txt
134.209.89.168,8888,The Netherlands,https.txt
23.106.56.52,425,United Kingdom,https.txt
23.106.56.19,1015,United Kingdom,https.txt
23.106.249.52,1015,Singapore,https.txt
162.210.194.3,1015,United States,https.txt
23.106.56.2,1015,United Kingdom,https.txt
162.210.194.4,1015,United States,https.txt
162.210.194.1,1015,United States,https.txt
162.210.194.2,1015,United States,https.txt
51.158.253.114,443,France,https.txt
188.166.89.178,8888,The Netherlands,https.txt
188.166.89.62,8888,The Netherlands,https.txt
188.166.81.186,8888,The Netherlands,https.txt
23.106.56.35,1015,United Kingdom,https.txt
207.244.89.162,1015,United States,https.txt
23.106.56.22,1015,United Kingdom,https.txt
23.106.56.22,838,United Kingdom,https.txt
51.158.252.160,443,France,https.txt
51.158.253.128,443,France,https.txt
23.106.56.22,431,United Kingdom,https.txt
23.106.249.39,425,Singapore,https.txt
207.244.89.166,1015,United States,https.txt
23.106.56.52,1015,United Kingdom,https.txt
23.106.249.39,1015,Singapore,https.txt
207.244.89.162,838,United States,https.txt
207.244.89.166,901,United States,https.txt
23.106.249.37,425,Singapore,https.txt
23.106.249.37,1015,Singapore,https.txt
207.244.89.166,838,United States,https.txt
23.106.249.54,838,Singapore,https.txt
23.106.249.35,838,Singapore,https.txt
23.106.249.34,838,Singapore,https.txt
23.106.249.37,838,Singapore,https.txt
207.244.71.84,838,United States,https.txt
23.106.249.39,838,Singapore,https.txt
207.244.89.161,838,United States,https.txt
23.106.249.36,838,Singapore,https.txt
23.106.56.43,838,United Kingdom,https.txt
23.106.56.54,838,United Kingdom,https.txt
23.106.249.35,461,Singapore,https.txt
162.210.194.4,461,United States,https.txt
23.106.56.2,461,United Kingdom,https.txt
23.106.249.53,461,Singapore,https.txt
23.106.249.54,461,Singapore,https.txt
23.106.249.52,461,Singapore,https.txt
23.106.56.54,461,United Kingdom,https.txt
162.210.194.1,461,United States,https.txt
23.106.249.36,461,Singapore,https.txt
23.106.56.53,461,United Kingdom,https.txt
23.106.249.39,461,Singapore,https.txt
23.106.56.19,461,United Kingdom,https.txt
162.210.194.2,461,United States,https.txt
23.106.56.43,461,United Kingdom,https.txt
23.106.56.52,461,United Kingdom,https.txt
23.106.56.22,461,United Kingdom,https.txt
23.106.249.34,461,Singapore,https.txt
23.106.56.35,461,United Kingdom,https.txt
23.106.249.37,461,Singapore,https.txt
23.106.56.43,1015,United Kingdom,https.txt
207.244.89.166,1007,United States,https.txt
207.244.89.161,1007,United States,https.txt
23.106.249.34,1007,Singapore,https.txt
23.106.249.54,1007,Singapore,https.txt
23.106.249.36,1007,Singapore,https.txt
23.106.249.39,1007,Singapore,https.txt
207.244.71.84,1007,United States,https.txt
23.106.56.54,1007,United Kingdom,https.txt
23.106.249.35,1007,Singapore,https.txt
207.244.89.162,1007,United States,https.txt
23.106.249.34,901,Singapore,https.txt
23.106.249.37,901,Singapore,https.txt
23.106.249.39,901,Singapore,https.txt
207.244.89.161,901,United States,https.txt
23.106.249.54,1015,Singapore,https.txt
207.244.89.161,1015,United States,https.txt
23.106.249.35,1015,Singapore,https.txt
23.106.249.34,1015,Singapore,https.txt
207.244.71.84,1015,United States,https.txt
23.106.249.53,1015,Singapore,https.txt
23.106.56.54,1015,United Kingdom,https.txt
23.106.249.36,1015,Singapore,https.txt
23.106.56.53,1015,United Kingdom,https.txt
162.210.194.4,471,United States,https.txt
23.106.56.54,471,United Kingdom,https.txt
23.106.56.2,471,United Kingdom,https.txt
162.210.194.2,471,United States,https.txt
207.244.71.84,471,United States,https.txt
207.244.89.161,471,United States,https.txt
23.106.249.54,471,Singapore,https.txt
23.106.249.37,471,Singapore,https.txt
23.106.56.19,471,United Kingdom,https.txt
23.106.249.52,471,Singapore,https.txt
207.244.89.166,471,United States,https.txt
23.106.56.22,471,United Kingdom,https.txt
162.210.194.1,471,United States,https.txt
23.106.56.53,471,United Kingdom,https.txt
23.106.249.36,471,Singapore,https.txt
23.106.249.35,471,Singapore,https.txt
23.106.249.34,471,Singapore,https.txt
23.106.56.52,471,United Kingdom,https.txt
23.106.249.39,471,Singapore,https.txt
23.106.249.53,471,Singapore,https.txt
23.106.56.35,471,United Kingdom,https.txt
23.106.56.43,471,United Kingdom,https.txt
162.210.194.3,471,United States,https.txt
207.244.89.162,471,United States,https.txt
23.106.249.35,726,Singapore,https.txt
23.106.249.39,726,Singapore,https.txt
23.106.56.52,726,United Kingdom,https.txt
23.106.56.22,726,United Kingdom,https.txt
207.244.89.162,726,United States,https.txt
162.210.194.3,726,United States,https.txt
23.106.56.53,726,United Kingdom,https.txt
207.244.89.161,726,United States,https.txt
23.106.249.52,726,Singapore,https.txt
23.106.249.54,726,Singapore,https.txt
23.106.56.19,726,United Kingdom,https.txt
23.106.249.37,726,Singapore,https.txt
207.244.71.84,726,United States,https.txt
23.106.249.36,726,Singapore,https.txt
23.106.56.2,726,United Kingdom,https.txt
162.210.194.2,726,United States,https.txt
23.106.56.54,726,United Kingdom,https.txt
162.210.194.1,726,United States,https.txt
207.244.89.166,726,United States,https.txt
23.106.249.34,726,Singapore,https.txt
23.106.56.43,726,United Kingdom,https.txt
23.106.249.53,726,Singapore,https.txt
162.210.194.4,726,United States,https.txt
23.106.56.43,911,United Kingdom,https.txt
162.210.194.2,911,United States,https.txt
23.106.249.34,911,Singapore,https.txt
23.106.56.54,911,United Kingdom,https.txt
207.244.89.161,911,United States,https.txt
23.106.56.53,911,United Kingdom,https.txt
23.106.249.37,911,Singapore,https.txt
162.210.194.1,911,United States,https.txt
23.106.249.53,911,Singapore,https.txt
207.244.89.162,911,United States,https.txt
23.106.56.35,911,United Kingdom,https.txt
23.106.249.36,911,Singapore,https.txt
23.106.56.19,911,United Kingdom,https.txt
162.210.194.4,911,United States,https.txt
23.106.56.22,911,United Kingdom,https.txt
207.244.89.166,911,United States,https.txt
23.106.249.39,911,Singapore,https.txt
23.106.56.2,911,United Kingdom,https.txt
23.106.249.52,911,Singapore,https.txt
23.106.56.52,911,United Kingdom,https.txt
23.106.249.35,911,Singapore,https.txt
162.210.194.3,911,United States,https.txt
207.244.71.84,911,United States,https.txt
23.106.249.54,911,Singapore,https.txt
23.106.56.35,726,United Kingdom,https.txt
212.118.37.238,143,The Netherlands,https.txt
23.106.56.35,921,United Kingdom,https.txt
23.106.249.54,921,Singapore,https.txt
23.106.56.52,921,United Kingdom,https.txt
23.106.249.39,921,Singapore,https.txt
162.210.194.2,921,United States,https.txt
23.106.56.54,921,United Kingdom,https.txt
23.106.249.52,921,Singapore,https.txt
23.106.249.34,921,Singapore,https.txt
207.244.89.162,921,United States,https.txt
162.210.194.3,921,United States,https.txt
23.106.56.53,921,United Kingdom,https.txt
23.106.249.35,921,Singapore,https.txt
162.210.194.1,921,United States,https.txt
23.106.56.43,921,United Kingdom,https.txt
207.244.89.166,921,United States,https.txt
162.210.194.4,921,United States,https.txt
23.106.56.19,921,United Kingdom,https.txt
23.106.249.53,921,Singapore,https.txt
207.244.89.161,921,United States,https.txt
23.106.249.37,921,Singapore,https.txt
207.244.71.84,921,United States,https.txt
23.106.249.36,921,Singapore,https.txt
23.106.56.22,921,United Kingdom,https.txt
23.106.56.2,921,United Kingdom,https.txt
23.106.56.52,431,United Kingdom,https.txt
162.210.194.4,431,United States,https.txt
23.106.249.36,431,Singapore,https.txt
23.106.249.54,431,Singapore,https.txt
23.106.249.53,431,Singapore,https.txt
23.106.56.19,431,United Kingdom,https.txt
207.244.89.161,431,United States,https.txt
207.244.89.162,431,United States,https.txt
162.210.194.1,431,United States,https.txt
23.106.56.43,431,United Kingdom,https.txt
23.106.56.53,431,United Kingdom,https.txt
207.244.89.166,431,United States,https.txt
23.106.249.52,431,Singapore,https.txt
23.106.249.39,431,Singapore,https.txt
162.210.194.2,431,United States,https.txt
23.106.249.37,431,Singapore,https.txt
207.244.71.84,431,United States,https.txt
23.106.56.2,431,United Kingdom,https.txt
162.210.194.3,431,United States,https.txt
23.106.249.35,431,Singapore,https.txt
23.106.249.34,431,Singapore,https.txt
23.106.56.35,431,United Kingdom,https.txt
207.244.89.162,428,United States,https.txt
23.106.249.35,428,Singapore,https.txt
23.106.56.54,428,United Kingdom,https.txt
23.106.56.2,428,United Kingdom,https.txt
23.106.249.37,428,Singapore,https.txt
23.106.56.22,428,United Kingdom,https.txt
23.106.249.39,955,Singapore,https.txt
162.210.194.3,428,United States,https.txt
207.244.89.161,428,United States,https.txt
207.244.71.84,428,United States,https.txt
23.106.56.52,428,United Kingdom,https.txt
23.106.249.34,428,Singapore,https.txt
23.106.56.19,428,United Kingdom,https.txt
23.106.249.53,428,Singapore,https.txt
23.106.56.53,428,United Kingdom,https.txt
23.106.56.43,428,United Kingdom,https.txt
207.244.89.166,428,United States,https.txt
23.106.249.36,428,Singapore,https.txt
23.106.249.39,428,Singapore,https.txt
23.106.249.52,428,Singapore,https.txt
23.106.249.54,428,Singapore,https.txt
162.210.194.1,428,United States,https.txt
162.210.194.4,428,United States,https.txt
162.210.194.2,428,United States,https.txt
162.210.194.4,955,United States,https.txt
23.106.249.35,955,Singapore,https.txt
162.210.194.1,955,United States,https.txt
207.244.89.161,955,United States,https.txt
23.106.249.37,955,Singapore,https.txt
162.210.194.2,955,United States,https.txt
23.106.249.53,955,Singapore,https.txt
23.106.249.54,955,Singapore,https.txt
23.106.56.52,955,United Kingdom,https.txt
23.106.56.22,955,United Kingdom,https.txt
23.106.249.52,955,Singapore,https.txt
23.106.56.53,955,United Kingdom,https.txt
23.106.56.54,955,United Kingdom,https.txt
23.106.249.36,955,Singapore,https.txt
23.106.249.34,955,Singapore,https.txt
162.210.194.3,955,United States,https.txt
23.106.56.35,955,United Kingdom,https.txt
23.106.56.43,955,United Kingdom,https.txt
207.244.89.162,955,United States,https.txt
23.106.56.19,955,United Kingdom,https.txt
207.244.89.166,955,United States,https.txt
23.106.56.2,955,United Kingdom,https.txt
23.106.56.35,428,United Kingdom,https.txt
51.158.253.154,443,France,https.txt
23.106.56.54,431,United Kingdom,https.txt
75.132.249.74,443,United States,https.txt
207.244.71.84,955,United States,https.txt
23.106.56.35,905,United Kingdom,https.txt
23.106.56.52,423,United Kingdom,https.txt
207.244.89.161,423,United States,https.txt
23.106.56.2,423,United Kingdom,https.txt
23.106.56.19,423,United Kingdom,https.txt
207.244.71.84,423,United States,https.txt
23.106.56.22,423,United Kingdom,https.txt
23.106.249.53,423,Singapore,https.txt
23.106.56.43,423,United Kingdom,https.txt
162.210.194.1,423,United States,https.txt
23.106.249.37,423,Singapore,https.txt
207.244.89.166,423,United States,https.txt
23.106.249.35,423,Singapore,https.txt
23.106.249.52,423,Singapore,https.txt
162.210.194.3,423,United States,https.txt
23.106.56.35,423,United Kingdom,https.txt
23.106.249.36,423,Singapore,https.txt
23.106.249.34,423,Singapore,https.txt
207.244.89.162,423,United States,https.txt
23.106.249.39,423,Singapore,https.txt
23.106.56.54,423,United Kingdom,https.txt
162.210.194.2,423,United States,https.txt
23.106.249.54,423,Singapore,https.txt
23.106.56.53,423,United Kingdom,https.txt
162.210.194.4,423,United States,https.txt
23.106.56.19,1083,United Kingdom,https.txt
162.210.194.2,1083,United States,https.txt
23.106.56.2,1083,United Kingdom,https.txt
23.106.56.54,1083,United Kingdom,https.txt
162.210.194.1,1083,United States,https.txt
162.210.194.3,1083,United States,https.txt
23.106.249.37,1083,Singapore,https.txt
23.106.249.52,1083,Singapore,https.txt
23.106.56.22,1083,United Kingdom,https.txt
23.106.56.35,1083,United Kingdom,https.txt
23.106.56.52,1083,United Kingdom,https.txt
207.244.89.162,1083,United States,https.txt
162.210.194.4,1083,United States,https.txt
207.244.89.166,1083,United States,https.txt
23.106.249.39,1083,Singapore,https.txt
23.106.249.54,1083,Singapore,https.txt
23.106.249.36,1083,Singapore,https.txt
207.244.71.84,1083,United States,https.txt
207.244.89.161,1083,United States,https.txt
23.106.56.53,1083,United Kingdom,https.txt
23.106.56.43,1083,United Kingdom,https.txt
23.106.249.34,1083,Singapore,https.txt
23.106.249.53,1083,Singapore,https.txt
23.106.249.35,1083,Singapore,https.txt
162.210.194.4,905,United States,https.txt
207.244.89.161,905,United States,https.txt
23.106.56.19,905,United Kingdom,https.txt
23.106.249.52,905,Singapore,https.txt
162.210.194.2,905,United States,https.txt
207.244.71.84,905,United States,https.txt
23.106.56.52,905,United Kingdom,https.txt
23.106.56.2,905,United Kingdom,https.txt
23.106.56.43,905,United Kingdom,https.txt
23.106.249.36,905,Singapore,https.txt
23.106.249.39,905,Singapore,https.txt
23.106.249.37,905,Singapore,https.txt
23.106.249.54,905,Singapore,https.txt
23.106.249.53,905,Singapore,https.txt
207.244.89.162,905,United States,https.txt
23.106.56.54,905,United Kingdom,https.txt
162.210.194.1,905,United States,https.txt
23.106.249.34,905,Singapore,https.txt
23.106.56.22,905,United Kingdom,https.txt
207.244.89.166,905,United States,https.txt
23.106.249.35,905,Singapore,https.txt
162.210.194.3,905,United States,https.txt
23.106.56.2,1022,United Kingdom,https.txt
23.106.56.19,1022,United Kingdom,https.txt
23.106.56.53,1022,United Kingdom,https.txt
23.106.56.54,1022,United Kingdom,https.txt
23.106.56.35,1022,United Kingdom,https.txt
162.210.194.2,1022,United States,https.txt
23.106.249.53,1022,Singapore,https.txt
23.106.249.37,1022,Singapore,https.txt
23.106.249.36,1022,Singapore,https.txt
23.106.56.52,1022,United Kingdom,https.txt
162.210.194.1,1022,United States,https.txt
23.106.249.39,1022,Singapore,https.txt
207.244.89.161,1022,United States,https.txt
207.244.71.84,1022,United States,https.txt
207.244.89.162,1022,United States,https.txt
162.210.194.3,1022,United States,https.txt
23.106.249.54,1022,Singapore,https.txt
207.244.89.166,1022,United States,https.txt
23.106.249.34,1022,Singapore,https.txt
23.106.56.43,1022,United Kingdom,https.txt
162.210.194.4,1022,United States,https.txt
23.106.56.22,1022,United Kingdom,https.txt
23.106.249.52,1022,Singapore,https.txt
23.106.249.35,1022,Singapore,https.txt
64.38.135.183,443,United States,https.txt
207.148.20.225,8888,United States,https.txt
45.76.3.118,8888,United States,https.txt
45.76.3.45,8888,United States,https.txt
167.99.236.14,443,United States,https.txt
23.106.56.22,443,United Kingdom,https.txt
23.106.249.53,443,Singapore,https.txt
207.244.89.161,443,United States,https.txt
51.158.253.45,443,France,https.txt
51.158.253.77,443,France,https.txt
51.158.253.78,443,France,https.txt
80.154.6.2,443,Germany,https.txt
147.182.242.114,8888,United States,https.txt
147.182.252.115,8888,United States,https.txt
49.12.189.119,8443,Germany,https.txt
155.54.239.64,443,Spain,https.txt
138.199.35.210,9002,United States,https.txt
138.199.36.160,9002,Germany,https.txt
128.199.195.19,8888,Singapore,https.txt
201.238.248.135,443,Chile,https.txt
62.84.245.79,443,The Netherlands,https.txt
64.62.219.84,11241,United States,https.txt
148.233.136.213,443,Mexico,https.txt
23.106.56.43,483,United Kingdom,https.txt
23.106.249.52,483,Singapore,https.txt
23.106.56.54,483,United Kingdom,https.txt
162.210.194.4,483,United States,https.txt
162.210.194.2,483,United States,https.txt
23.106.56.2,483,United Kingdom,https.txt
23.106.249.36,483,Singapore,https.txt
23.106.56.19,483,United Kingdom,https.txt
23.106.56.35,483,United Kingdom,https.txt
23.106.249.35,483,Singapore,https.txt
23.106.56.52,483,United Kingdom,https.txt
23.106.249.39,483,Singapore,https.txt
207.244.89.166,483,United States,https.txt
23.106.56.22,483,United Kingdom,https.txt
207.244.89.161,483,United States,https.txt
162.210.194.3,483,United States,https.txt
207.244.71.84,483,United States,https.txt
23.106.249.53,483,Singapore,https.txt
23.106.249.34,483,Singapore,https.txt
23.106.56.53,483,United Kingdom,https.txt
207.244.89.162,483,United States,https.txt
23.106.249.54,483,Singapore,https.txt
162.210.194.1,483,United States,https.txt
23.106.249.37,483,Singapore,https.txt
65.49.68.84,22123,United States,https.txt
64.62.219.84,32138,United States,https.txt
54.37.72.89,443,Germany,https.txt
104.129.194.38,11691,United States,https.txt
130.245.32.202,443,United States,https.txt
47.243.181.85,8084,United States,https.txt
65.49.2.84,10021,United States,https.txt
65.49.2.84,12910,United States,https.txt
64.62.219.84,33625,United States,https.txt
47.243.181.85,8081,Taiwan,https.txt
47.243.181.85,41296,Taiwan,https.txt
65.49.2.84,43787,United States,https.txt
47.243.181.85,41695,United States,https.txt
65.49.14.154,46170,United States,https.txt
65.49.14.154,60270,United States,https.txt
102.134.130.41,443,Ghana,https.txt
64.62.219.84,14747,United States,https.txt
64.62.219.84,27406,United States,https.txt
162.210.194.3,1287,United States,https.txt
162.210.194.2,1287,United States,https.txt
23.106.249.37,1287,Singapore,https.txt
23.106.56.22,1287,United Kingdom,https.txt
23.106.249.34,1287,Singapore,https.txt
162.210.194.4,1287,United States,https.txt
23.106.249.35,1287,Singapore,https.txt
23.106.56.53,1287,United Kingdom,https.txt
23.106.56.43,1287,United Kingdom,https.txt
162.210.194.1,1287,United States,https.txt
23.106.249.53,1287,Singapore,https.txt
23.106.56.19,1287,United Kingdom,https.txt
207.244.89.166,1287,United States,https.txt
23.106.56.54,1287,United Kingdom,https.txt
23.106.249.52,1287,Singapore,https.txt
23.106.56.2,1287,United Kingdom,https.txt
23.106.56.35,1287,United Kingdom,https.txt
207.244.89.162,1287,United States,https.txt
207.244.71.84,1287,United States,https.txt
207.244.89.161,1287,United States,https.txt
23.106.56.52,1287,United Kingdom,https.txt
23.106.249.39,1287,Singapore,https.txt
23.106.249.36,1287,Singapore,https.txt
23.106.249.54,1287,Singapore,https.txt
65.49.68.84,45263,United States,https.txt
65.49.14.154,45225,United States,https.txt
62.210.15.199,443,France,https.txt
64.62.219.84,10968,United States,https.txt
65.49.68.84,29383,United States,https.txt
65.49.68.84,15398,United States,https.txt
65.49.14.154,48625,United States,https.txt
65.49.68.84,12105,United States,https.txt
64.62.219.84,28287,United States,https.txt
65.49.14.154,25249,United States,https.txt
47.243.181.85,41414,Japan,https.txt
51.159.14.232,1022,France,https.txt
51.158.61.236,436,France,https.txt
65.49.68.84,29224,United States,https.txt
65.49.14.154,57358,United States,https.txt
65.49.2.84,36267,United States,https.txt
65.49.68.84,16998,United States,https.txt
65.49.2.84,42974,United States,https.txt
64.62.219.84,29494,United States,https.txt
65.49.2.84,49810,United States,https.txt
65.49.68.84,32167,United States,https.txt
65.49.14.154,33079,United States,https.txt
64.62.219.84,24979,United States,https.txt
51.159.14.232,1287,France,https.txt
65.49.2.84,62761,United States,https.txt
65.49.14.154,39112,United States,https.txt
65.49.2.84,24969,United States,https.txt
65.49.14.154,55511,United States,https.txt
51.159.14.232,431,France,https.txt
65.49.14.154,61126,United States,https.txt
51.159.98.170,1007,France,https.txt
51.158.61.236,431,France,https.txt
51.159.14.232,911,France,https.txt
64.62.219.84,37779,United States,https.txt
64.62.219.84,13333,United States,https.txt
51.159.14.232,425,France,https.txt
51.158.61.236,911,France,https.txt
51.159.14.232,1015,France,https.txt
65.49.2.84,29458,United States,https.txt
65.49.14.154,10320,United States,https.txt
143.110.229.181,8888,United States,https.txt
51.159.97.249,1007,France,https.txt
51.159.97.108,1007,France,https.txt
65.49.68.84,15221,United States,https.txt
65.49.2.84,64318,United States,https.txt
65.49.68.84,31090,United States,https.txt
80.149.142.142,443,Germany,https.txt
51.158.61.236,483,France,https.txt
65.49.2.84,55385,United States,https.txt
51.159.97.108,1015,France,https.txt
65.49.68.84,56919,United States,https.txt
64.62.219.84,60710,United States,https.txt
51.158.61.236,901,France,https.txt
51.158.61.236,1083,France,https.txt
51.159.97.249,1015,France,https.txt
51.159.98.170,1015,France,https.txt
65.49.2.84,40164,United States,https.txt
51.159.221.14,1015,France,https.txt
51.159.97.108,425,France,https.txt
51.158.61.236,425,France,https.txt
51.158.61.236,1287,France,https.txt
51.159.14.232,921,France,https.txt
51.159.14.232,483,France,https.txt
51.159.97.108,428,France,https.txt
51.158.61.236,428,France,https.txt
51.159.14.232,428,France,https.txt
64.62.219.84,37220,United States,https.txt
51.159.221.14,1287,France,https.txt
51.158.61.236,921,France,https.txt
51.159.97.249,483,France,https.txt
51.159.14.232,423,France,https.txt
51.159.221.14,955,France,https.txt
51.159.14.232,955,France,https.txt
51.158.61.236,955,France,https.txt
51.159.97.108,955,France,https.txt
51.158.61.236,1015,France,https.txt
51.159.98.170,955,France,https.txt
51.159.97.108,1287,France,https.txt
51.159.14.232,1083,France,https.txt
51.159.221.14,838,France,https.txt
51.158.61.236,838,France,https.txt
51.159.97.108,838,France,https.txt
51.159.98.170,838,France,https.txt
51.159.14.232,838,France,https.txt
65.49.2.84,26804,United States,https.txt
51.159.97.108,1083,France,https.txt
51.159.98.170,483,France,https.txt
51.159.98.170,1287,France,https.txt
51.158.61.236,461,France,https.txt
51.158.61.236,443,France,https.txt
51.159.221.14,905,France,https.txt
51.159.221.14,461,France,https.txt
51.159.97.108,461,France,https.txt
51.159.14.232,461,France,https.txt
51.159.97.249,1022,France,https.txt
51.159.98.170,461,France,https.txt
51.159.97.108,436,France,https.txt
51.159.97.108,921,France,https.txt
51.159.14.232,1007,France,https.txt
51.159.97.249,911,France,https.txt
51.159.97.249,1287,France,https.txt
51.158.61.236,1007,France,https.txt
51.159.221.14,1007,France,https.txt
51.159.97.108,483,France,https.txt
65.49.68.84,25664,United States,https.txt
51.159.97.249,428,France,https.txt
51.159.221.14,921,France,https.txt
51.159.14.232,436,France,https.txt
51.159.97.249,431,France,https.txt
51.159.98.170,911,France,https.txt
51.159.98.170,428,France,https.txt
51.159.14.232,726,France,https.txt
51.159.221.14,1083,France,https.txt
51.159.14.232,905,France,https.txt
51.159.97.108,901,France,https.txt
51.159.14.232,901,France,https.txt
51.159.98.170,901,France,https.txt
51.159.97.249,901,France,https.txt
51.159.221.14,901,France,https.txt
51.159.221.14,428,France,https.txt
51.159.221.14,471,France,https.txt
51.159.97.108,431,France,https.txt
51.159.221.14,423,France,https.txt
51.159.98.170,1022,France,https.txt
51.158.61.236,1022,France,https.txt
65.49.68.84,26247,United States,https.txt
64.62.219.84,63163,United States,https.txt
65.49.2.84,44939,United States,https.txt
51.159.97.108,1022,France,https.txt
51.159.97.249,838,France,https.txt
65.49.14.154,35750,United States,https.txt
65.49.2.84,33609,United States,https.txt
65.49.2.84,14841,United States,https.txt
51.159.221.14,425,France,https.txt
51.158.61.236,423,France,https.txt
47.243.181.85,41393,Japan,https.txt
51.159.221.14,443,France,https.txt
51.159.98.170,425,France,https.txt
51.159.98.170,423,France,https.txt
51.159.221.14,483,France,https.txt
103.241.129.1,8443,Japan,https.txt
103.241.129.7,8443,Japan,https.txt
103.241.129.8,8443,Japan,https.txt
103.241.129.9,8443,Japan,https.txt
103.241.129.10,8443,Japan,https.txt
103.241.129.12,8443,Japan,https.txt
103.241.129.17,8443,Japan,https.txt
103.241.129.18,8443,Japan,https.txt
103.241.129.20,8443,Japan,https.txt
103.241.129.26,8443,Japan,https.txt
103.241.129.191,8443,Japan,https.txt
103.241.129.240,8443,Japan,https.txt
103.241.129.254,8443,Japan,https.txt
103.241.130.5,8443,Japan,https.txt
51.159.97.249,1083,France,https.txt
51.159.98.170,921,France,https.txt
51.159.97.249,921,France,https.txt
51.158.61.236,905,France,https.txt
51.159.98.170,905,France,https.txt
47.243.181.85,41310,Taiwan,https.txt
51.159.221.14,436,France,https.txt
65.49.2.84,33563,United States,https.txt
51.159.14.232,471,France,https.txt
51.159.221.14,1022,France,https.txt
51.159.97.108,471,France,https.txt
51.159.97.249,461,France,https.txt
65.49.14.154,37737,United States,https.txt
51.159.97.108,423,France,https.txt
51.159.97.249,423,France,https.txt
65.49.14.154,50030,United States,https.txt
65.49.2.84,16135,United States,https.txt
65.49.68.84,41370,United States,https.txt
51.159.97.249,955,France,https.txt
65.49.2.84,17916,United States,https.txt
103.241.129.177,8443,Japan,https.txt
103.241.129.199,8443,Japan,https.txt
103.241.129.231,8443,Japan,https.txt
103.241.129.235,8443,Japan,https.txt
103.241.130.6,8443,Japan,https.txt
51.159.221.14,726,France,https.txt
103.241.128.136,8443,Japan,https.txt
65.49.68.84,43741,United States,https.txt
103.241.129.31,8443,Japan,https.txt
143.107.205.72,443,Brazil,https.txt
64.62.219.84,34693,United States,https.txt
51.210.148.119,443,France,https.txt
209.38.148.139,8888,United States,https.txt
137.184.224.125,8888,United States,https.txt
47.243.181.85,41797,Brazil,https.txt
103.37.111.253,10087,Japan,https.txt
123.31.29.158,443,Vietnam,https.txt
196.1.95.124,443,Senegal,https.txt
65.49.2.84,42167,United States,https.txt
104.248.130.209,3129,Germany,https.txt
65.49.2.84,32955,United States,https.txt
64.62.219.84,59279,United States,https.txt
65.49.68.84,34959,United States,https.txt
65.49.2.84,48569,United States,https.txt
65.49.68.84,63550,United States,https.txt
64.62.219.84,44958,United States,https.txt
104.129.194.45,11700,United States,https.txt
51.195.107.167,443,France,https.txt
64.62.219.84,46575,United States,https.txt
104.129.194.45,11677,United States,https.txt
212.58.135.9,8443,United States,https.txt
212.58.135.10,8443,United States,https.txt
212.58.132.189,8443,United States,https.txt
212.58.132.188,8443,United States,https.txt
65.49.2.84,40325,United States,https.txt
65.49.2.84,33805,United States,https.txt
64.62.219.84,39613,United States,https.txt
65.49.2.84,50597,United States,https.txt
64.62.219.84,25147,United States,https.txt
65.49.2.84,34369,United States,https.txt
23.106.56.38,425,United Kingdom,https.txt
23.106.56.11,461,United Kingdom,https.txt
23.106.56.36,461,United Kingdom,https.txt
23.106.56.37,461,United Kingdom,https.txt
23.106.56.38,461,United Kingdom,https.txt
65.49.68.84,36821,United States,https.txt
23.106.56.11,431,United Kingdom,https.txt
23.106.56.11,1015,United Kingdom,https.txt
23.106.56.36,1015,United Kingdom,https.txt
23.106.56.37,1015,United Kingdom,https.txt
23.106.56.38,1015,United Kingdom,https.txt
23.106.56.11,1083,United Kingdom,https.txt
23.106.56.11,436,United Kingdom,https.txt
65.49.68.84,35081,United States,https.txt
64.62.219.84,16944,United States,https.txt
65.49.2.84,57085,United States,https.txt
51.195.107.167,8000,France,https.txt
65.49.2.84,56337,United States,https.txt
65.49.68.84,56613,United States,https.txt
64.62.219.84,52765,United States,https.txt
51.254.132.238,443,France,https.txt
23.106.56.11,483,United Kingdom,https.txt
23.106.56.11,1287,United Kingdom,https.txt
23.106.56.11,911,United Kingdom,https.txt
23.106.56.11,471,United Kingdom,https.txt
23.106.56.11,905,United Kingdom,https.txt
51.159.97.108,443,France,https.txt
23.106.56.11,921,United Kingdom,https.txt
34.81.72.31,443,Taiwan,https.txt
65.49.2.84,46363,United States,https.txt
51.159.98.170,443,France,https.txt
51.159.221.44,443,France,https.txt
51.159.221.44,1083,France,https.txt
51.159.221.44,1022,France,https.txt
23.106.56.11,1022,United Kingdom,https.txt
51.159.14.232,443,France,https.txt
51.159.220.143,1022,France,https.txt
51.159.220.79,1022,France,https.txt
51.158.61.236,471,France,https.txt
51.159.98.170,471,France,https.txt
51.159.221.44,471,France,https.txt
51.159.221.44,955,France,https.txt
23.106.56.11,726,United Kingdom,https.txt
51.159.97.108,726,France,https.txt
51.158.61.236,726,France,https.txt
51.159.98.170,726,France,https.txt
51.159.221.44,726,France,https.txt
51.159.98.170,436,France,https.txt
85.214.107.177,443,Germany,https.txt
51.159.221.44,1007,France,https.txt
47.238.192.103,8888,Hong Kong,https.txt
51.159.98.170,431,France,https.txt
23.106.56.11,425,United Kingdom,https.txt
51.159.97.108,911,France,https.txt
23.106.56.11,1007,United Kingdom,https.txt
51.159.221.44,838,France,https.txt
51.159.221.44,431,France,https.txt
51.159.221.44,901,France,https.txt
51.159.221.44,911,France,https.txt
51.159.221.14,911,France,https.txt
51.159.221.44,921,France,https.txt
51.159.221.44,425,France,https.txt
23.106.56.11,428,United Kingdom,https.txt
51.159.221.44,428,France,https.txt
23.106.56.11,955,United Kingdom,https.txt
51.159.98.170,1083,France,https.txt
23.106.56.11,838,United Kingdom,https.txt
51.159.221.44,461,France,https.txt
51.159.221.44,436,France,https.txt
23.106.56.11,901,United Kingdom,https.txt
51.159.97.249,443,France,https.txt
145.239.196.123,443,France,https.txt
51.159.220.143,911,France,https.txt
51.159.220.79,911,France,https.txt
94.74.96.240,3129,Hong Kong,https.txt
23.106.56.11,423,United Kingdom,https.txt
51.159.221.44,423,France,https.txt
51.159.221.44,905,France,https.txt
51.159.221.14,431,France,https.txt
51.159.97.249,726,France,https.txt
207.180.254.198,443,Germany,https.txt
51.159.97.249,425,France,https.txt
64.181.235.123,3128,United States,https.txt
51.159.97.108,905,France,https.txt
51.159.220.143,443,France,https.txt
51.159.221.44,483,France,https.txt
64.62.219.84,20301,United States,https.txt
64.62.219.84,52647,United States,https.txt
65.49.2.84,57593,United States,https.txt
51.159.220.143,423,France,https.txt
51.159.220.79,423,France,https.txt
64.62.219.84,34642,United States,https.txt
51.159.220.143,483,France,https.txt
65.49.14.154,57406,United States,https.txt
65.49.2.84,43262,United States,https.txt
65.109.202.138,8443,Finland,https.txt
65.49.14.154,45111,United States,https.txt
65.109.40.163,8443,Finland,https.txt
65.49.14.154,57734,United States,https.txt
23.106.56.43,19881,United Kingdom,https.txt
65.49.14.154,10636,United States,https.txt
51.159.220.143,1007,France,https.txt
51.159.97.249,436,France,https.txt
65.49.14.154,10952,United States,https.txt
65.49.14.154,40955,United States,https.txt
51.159.220.143,905,France,https.txt
51.159.220.79,905,France,https.txt
65.49.2.84,31264,United States,https.txt
51.159.221.44,1287,France,https.txt
64.62.219.84,50086,United States,https.txt
167.235.198.62,443,Germany,https.txt
64.62.219.84,21651,United States,https.txt
65.49.2.84,55685,United States,https.txt
65.49.2.84,61292,United States,https.txt
65.49.68.84,52025,United States,https.txt
51.159.220.143,425,France,https.txt
65.49.14.154,12985,United States,https.txt
65.49.14.154,43849,United States,https.txt
65.49.2.84,38877,United States,https.txt
64.62.219.84,38911,United States,https.txt
65.49.2.84,53555,United States,https.txt
65.49.2.84,63671,United States,https.txt
64.62.219.84,37877,United States,https.txt
64.62.219.84,42282,United States,https.txt
65.49.68.84,60811,United States,https.txt
65.49.68.84,33768,United States,https.txt
47.243.181.85,52115,Taiwan,https.txt
51.159.220.143,431,France,https.txt
51.159.220.79,431,France,https.txt
65.49.14.154,20892,United States,https.txt
64.62.219.84,22386,United States,https.txt
64.62.219.84,54995,United States,https.txt
65.49.68.84,38520,United States,https.txt
65.49.2.84,59523,United States,https.txt
65.49.14.154,15772,United States,https.txt
65.49.68.84,26045,United States,https.txt
65.49.14.154,45107,United States,https.txt
65.49.14.154,23308,United States,https.txt
64.62.219.84,31011,United States,https.txt
64.62.219.84,29295,United States,https.txt
64.62.219.84,53120,United States,https.txt
65.109.202.138,1080,Finland,https.txt
64.62.219.84,38235,United States,https.txt
65.49.68.84,55490,United States,https.txt
65.49.2.84,58465,United States,https.txt
64.62.219.84,15572,United States,https.txt
64.62.219.84,19758,United States,https.txt
65.49.2.84,47776,United States,https.txt
64.62.219.84,18303,United States,https.txt
179.61.174.4,443,Egypt,https.txt
117.252.95.60,443,India,https.txt
64.62.219.84,62552,United States,https.txt
65.49.68.84,61167,United States,https.txt
65.49.14.154,28161,United States,https.txt
65.49.14.154,14139,United States,https.txt
65.49.68.84,31709,United States,https.txt
65.49.2.84,21161,United States,https.txt
65.49.68.84,47509,United States,https.txt
64.62.219.84,16544,United States,https.txt
64.62.219.84,43251,United States,https.txt
65.49.2.84,37091,United States,https.txt
64.62.219.84,51768,United States,https.txt
51.159.221.44,1015,France,https.txt
51.159.220.143,1015,France,https.txt
47.243.181.85,8083,Singapore,https.txt
51.159.220.143,1083,France,https.txt
65.49.2.84,41629,United States,https.txt
51.161.79.152,8888,Canada,https.txt
51.159.220.143,1287,France,https.txt
192.95.39.76,8443,United States,https.txt
198.50.152.217,8443,United States,https.txt
51.159.97.249,905,France,https.txt
51.159.220.143,921,France,https.txt
51.159.220.143,436,France,https.txt
51.159.97.249,471,France,https.txt
51.159.220.143,471,France,https.txt
51.159.220.143,726,France,https.txt
1.234.23.159,443,South Korea,https.txt
51.159.220.143,428,France,https.txt
51.159.220.143,955,France,https.txt
51.159.220.143,838,France,https.txt
51.159.220.143,461,France,https.txt
85.10.199.48,443,Germany,https.txt
196.1.93.16,443,Senegal,https.txt
162.19.49.131,443,France,https.txt
51.159.220.143,901,France,https.txt
94.23.9.170,443,France,https.txt
65.109.202.138,1081,Finland,https.txt
65.49.68.84,10105,United States,https.txt
64.62.219.84,46875,United States,https.txt
51.159.220.79,1083,France,https.txt
51.159.220.79,1015,France,https.txt
51.159.225.129,8118,France,https.txt
47.243.181.85,41795,Brazil,https.txt
65.49.2.84,58032,United States,https.txt
65.49.2.84,49088,United States,https.txt
51.159.220.79,483,France,https.txt
64.62.219.84,60592,United States,https.txt
64.62.219.84,14624,United States,https.txt
65.49.2.84,58879,United States,https.txt
64.62.219.84,55700,United States,https.txt
65.49.14.154,61312,United States,https.txt
65.49.2.84,25116,United States,https.txt
87.255.196.143,443,Kazakhstan,https.txt
186.65.109.21,443,Argentina,https.txt
65.49.2.84,52918,United States,https.txt
65.49.14.154,26256,United States,https.txt
5.196.111.145,443,France,https.txt
192.95.39.76,443,United States,https.txt
64.23.234.144,8888,United States,https.txt
65.49.2.84,24379,United States,https.txt
64.62.219.84,51542,United States,https.txt
65.49.68.84,34183,United States,https.txt
51.159.220.79,443,France,https.txt
51.159.220.79,726,France,https.txt
65.49.14.154,11605,United States,https.txt
65.49.2.84,37058,United States,https.txt
47.243.181.85,41290,Taiwan,https.txt
47.243.181.85,41413,Japan,https.txt
51.159.220.79,461,France,https.txt
51.159.220.79,921,France,https.txt
36.92.193.189,443,Indonesia,https.txt
51.159.220.79,1007,France,https.txt
51.159.220.79,425,France,https.txt
51.159.220.79,428,France,https.txt
51.159.220.79,955,France,https.txt
212.83.181.166,8081,France,https.txt
51.159.220.79,838,France,https.txt
51.159.220.79,901,France,https.txt
212.83.168.126,8081,France,https.txt
51.159.226.157,443,France,https.txt
51.159.226.159,443,France,https.txt
51.159.220.79,436,France,https.txt
51.159.226.153,443,France,https.txt
51.159.226.154,443,France,https.txt
47.243.181.85,41406,Japan,https.txt
51.159.226.151,443,France,https.txt
51.159.226.150,443,France,https.txt
51.159.226.155,443,France,https.txt
51.159.226.149,443,France,https.txt
51.159.226.156,443,France,https.txt
51.159.226.162,443,France,https.txt
51.159.226.128,443,France,https.txt
51.159.226.160,443,France,https.txt
51.159.226.158,443,France,https.txt
23.106.56.51,483,United Kingdom,https.txt
51.159.220.79,1287,France,https.txt
207.244.71.81,1287,United States,https.txt
23.106.56.51,1287,United Kingdom,https.txt
207.244.71.82,1287,United States,https.txt
51.159.226.161,443,France,https.txt
23.106.56.12,483,United Kingdom,https.txt
23.106.56.13,483,United Kingdom,https.txt
23.106.56.14,483,United Kingdom,https.txt
23.106.56.36,483,United Kingdom,https.txt
23.106.56.37,483,United Kingdom,https.txt
23.106.56.38,483,United Kingdom,https.txt
207.244.71.79,1287,United States,https.txt
207.244.71.80,1287,United States,https.txt
51.159.226.152,443,France,https.txt
23.106.56.51,955,United Kingdom,https.txt
23.106.56.51,461,United Kingdom,https.txt
47.243.181.85,55009,Taiwan,https.txt
207.244.71.81,905,United States,https.txt
207.244.71.82,905,United States,https.txt
23.106.56.51,905,United Kingdom,https.txt
207.244.71.79,905,United States,https.txt
207.244.71.80,905,United States,https.txt
64.62.219.84,15149,United States,https.txt
23.106.56.51,425,United Kingdom,https.txt
65.49.2.84,61469,United States,https.txt
23.106.56.51,921,United Kingdom,https.txt
207.244.71.81,921,United States,https.txt
207.244.71.82,921,United States,https.txt
207.244.71.82,1007,United States,https.txt
23.106.56.51,471,United Kingdom,https.txt
65.49.14.154,32464,United States,https.txt
181.215.52.2,9443,United States,https.txt
195.12.54.28,443,Romania,https.txt
65.49.2.84,19240,United States,https.txt
207.244.71.79,1007,United States,https.txt
207.244.71.80,1007,United States,https.txt
207.244.71.81,1007,United States,https.txt
207.244.71.79,921,United States,https.txt
207.244.71.80,921,United States,https.txt
23.106.56.51,838,United Kingdom,https.txt
207.244.71.82,1022,United States,https.txt
65.49.2.84,48707,United States,https.txt
207.244.71.82,436,United States,https.txt
207.244.71.81,436,United States,https.txt
23.106.56.51,436,United Kingdom,https.txt
23.106.56.51,1022,United Kingdom,https.txt
207.244.71.81,1022,United States,https.txt
207.244.71.81,471,United States,https.txt
51.159.220.79,471,France,https.txt
207.244.71.82,471,United States,https.txt
65.49.2.84,51729,United States,https.txt
207.244.71.82,726,United States,https.txt
23.106.56.51,726,United Kingdom,https.txt
207.244.71.81,726,United States,https.txt
207.244.71.82,901,United States,https.txt
23.106.56.51,431,United Kingdom,https.txt
207.244.71.82,431,United States,https.txt
207.244.71.81,431,United States,https.txt
207.244.71.81,911,United States,https.txt
23.106.56.51,911,United Kingdom,https.txt
207.244.71.82,911,United States,https.txt
23.106.56.51,1007,United Kingdom,https.txt
23.106.56.51,1015,United Kingdom,https.txt
65.49.2.84,55159,United States,https.txt
23.106.56.51,423,United Kingdom,https.txt
65.49.14.154,49889,United States,https.txt
65.49.14.154,58797,United States,https.txt
65.49.14.154,61569,United States,https.txt
47.243.181.85,52111,Taiwan,https.txt
65.49.68.84,12031,United States,https.txt
65.49.14.154,59995,United States,https.txt
64.62.219.84,41858,United States,https.txt
47.243.181.85,41318,Taiwan,https.txt
65.49.2.84,21860,United States,https.txt
65.49.68.84,60420,United States,https.txt
122.99.125.85,443,India,https.txt
64.62.219.84,38261,United States,https.txt
207.244.71.82,425,United States,https.txt
51.159.226.129,443,France,https.txt
51.158.253.130,14991,France,https.txt
23.106.56.51,901,United Kingdom,https.txt
65.2.44.94,443,India,https.txt
207.244.71.81,425,United States,https.txt
23.106.56.51,428,United Kingdom,https.txt
207.244.71.82,428,United States,https.txt
207.244.71.81,428,United States,https.txt
207.244.71.81,955,United States,https.txt
207.244.71.82,955,United States,https.txt
207.244.71.81,838,United States,https.txt
207.244.71.82,838,United States,https.txt
207.244.71.82,461,United States,https.txt
207.244.71.81,461,United States,https.txt
207.244.71.81,901,United States,https.txt
207.244.71.82,1015,United States,https.txt
154.201.72.251,3129,United States,https.txt
207.244.71.82,423,United States,https.txt
207.244.71.81,423,United States,https.txt
51.159.225.194,23767,France,https.txt
65.49.14.154,23948,United States,https.txt
51.158.204.131,23767,France,https.txt
65.49.2.84,38146,United States,https.txt
174.138.54.65,443,United States,https.txt
207.244.71.81,1015,United States,https.txt
207.244.71.81,1083,United States,https.txt
207.244.71.82,1083,United States,https.txt
23.106.56.51,1083,United Kingdom,https.txt
72.49.49.11,31034,United States,socks4.txt
98.188.47.150,4145,United States,socks4.txt
98.170.57.249,4145,United States,socks4.txt
184.185.2.12,4145,United States,socks4.txt
74.119.144.60,4145,United States,socks4.txt
82.223.165.28,5527,Spain,socks4.txt
208.65.90.21,4145,United States,socks4.txt
103.138.46.11,4145,Indonesia,socks4.txt
208.65.90.3,4145,United States,socks4.txt
146.70.164.210,1080,Romania,socks4.txt
51.75.126.150,3307,France,socks4.txt
5.58.33.187,5678,Ukraine,socks4.txt
91.150.189.122,60647,Poland,socks4.txt
96.70.52.227,48324,United States,socks4.txt
82.223.165.28,23496,Spain,socks4.txt
216.68.128.121,4145,United States,socks4.txt
91.121.173.38,62630,France,socks4.txt
177.85.65.177,4153,Brazil,socks4.txt
163.172.178.154,16379,France,socks4.txt
200.217.126.217,4145,Brazil,socks4.txt
202.162.197.57,4145,Indonesia,socks4.txt
187.44.211.118,4153,Brazil,socks4.txt
182.253.159.7,5678,Indonesia,socks4.txt
181.205.203.202,4153,Colombia,socks4.txt
36.89.253.7,5678,Indonesia,socks4.txt
102.68.56.242,3629,DR Congo,socks4.txt
184.181.178.33,4145,United States,socks4.txt
14.243.171.127,20001,Vietnam,socks4.txt
171.244.10.204,28206,Vietnam,socks4.txt
171.243.1.230,8075,Vietnam,socks4.txt
52.68.43.176,8888,Japan,socks4.txt
140.250.146.44,35311,China,socks4.txt
198.177.252.24,4145,United States,socks4.txt
198.177.254.131,4145,United States,socks4.txt
116.104.1.151,1080,Vietnam,socks4.txt
