dest_ip,dest_port,metadata_type,metadata_country
103.130.197.36,80,HTTP/HTTPS,Bangladesh - Jessore
202.40.179.33,9090,HTTP/HTTPS,Bangladesh - Dhaka
103.81.175.218,28022,HTTP/HTTPS,Bangladesh
43.231.78.203,8080,HTTP/HTTPS,Bangladesh - Shāmpur
45.115.113.182,4334,HTTP/HTTPS,Bangladesh - Dhaka
180.149.234.74,6214,HTTP/HTTPS,Bangladesh - Dhaka
175.29.125.242,8080,HTTP/HTTPS,Bangladesh
59.153.100.98,80,HTTP/HTTPS,Bangladesh - Dhaka
103.141.70.48,8080,HTTP/HTTPS,Bangladesh
103.134.242.121,8080,HTTP/HTTPS,Bangladesh
180.210.191.122,8080,HTTP/HTTPS,Bangladesh
123.200.7.110,8080,HTTP/HTTPS,Bangladesh - Dhaka
203.223.89.185,8080,HTTP/HTTPS,Bangladesh
49.0.37.21,8080,HTTP/HTTPS,Bangladesh - Dhaka
103.14.150.22,8080,HTTP/HTTPS,Bangladesh
103.138.145.34,80,HTTP/HTTPS,Bangladesh
201.182.204.18,9999,HTTP/HTTPS,Brazil - Candeias
168.194.248.18,8080,HTTP/HTTPS,Brazil - Goiânia
191.36.128.62,8080,HTTP/HTTPS,Brazil - São Paulo
45.233.90.10,443,HTTP/HTTPS,Brazil - João Pessoa
170.81.131.7,3128,HTTP/HTTPS,Brazil - Ribeirão Preto
191.53.112.170,45619,HTTP/HTTPS,Brazil - Contagem
45.71.15.2,8080,HTTP/HTTPS,Brazil - Penápolis
138.121.121.223,8080,HTTP/HTTPS,Brazil - Caucaia
200.205.60.2,8080,HTTP/HTTPS,Brazil - São Paulo
45.175.59.0,61950,HTTP/HTTPS,Brazil - Fortaleza
191.7.208.87,8080,HTTP/HTTPS,Brazil - Quiterianópolis
170.239.18.106,1830,HTTP/HTTPS,Brazil - Salvador
206.62.64.34,8080,HTTP/HTTPS,Brazil - Maringá
170.78.144.41,8080,HTTP/HTTPS,Brazil - Catanduvas
187.94.220.85,8080,HTTP/HTTPS,Brazil - Guaçuí
179.48.80.9,8085,HTTP/HTTPS,Brazil - Teresina
186.26.92.18,58339,HTTP/HTTPS,Brazil - São João de Meriti
177.136.44.193,54443,HTTP/HTTPS,Brazil - Salvador
186.215.68.51,3127,HTTP/HTTPS,Brazil - Brasília
45.174.191.135,8080,HTTP/HTTPS,Brazil - Fortaleza
187.19.128.76,8090,HTTP/HTTPS,Brazil - Campina Grande
38.3.162.129,999,HTTP/HTTPS,Chile - Puente Alto
45.4.3.89,999,HTTP/HTTPS,Chile - Santiago
190.110.97.62,999,HTTP/HTTPS,Chile - Vilcún
45.162.132.9,999,HTTP/HTTPS,Chile - Pudahuel
204.199.140.17,999,HTTP/HTTPS,Chile - Santiago
45.4.0.49,999,HTTP/HTTPS,Chile - Santiago
179.61.111.209,999,HTTP/HTTPS,Chile - Talca
47.121.182.36,20002,HTTP/HTTPS,China - Shenzhen
8.130.71.75,8008,HTTP/HTTPS,China - Beijing
8.148.4.166,17947,HTTP/HTTPS,China - Hangzhou
47.104.198.111,8008,HTTP/HTTPS,China - Qingdao
8.138.131.110,8080,HTTP/HTTPS,China - Guangzhou
8.138.133.207,8081,HTTP/HTTPS,China - Guangzhou
39.102.213.3,80,HTTP/HTTPS,China - Beijing
39.102.214.208,9999,HTTP/HTTPS,China - Beijing
114.215.127.92,8008,HTTP/HTTPS,China - Qingdao
101.200.158.109,8880,HTTP/HTTPS,China - Beijing
47.104.27.165,8090,HTTP/HTTPS,China - Qingdao
8.138.149.37,8080,HTTP/HTTPS,China - Guangzhou
120.25.189.254,8080,HTTP/HTTPS,China - Shenzhen
39.102.214.152,80,HTTP/HTTPS,China - Beijing
47.116.181.146,80,HTTP/HTTPS,China - Shanghai
47.119.22.156,9098,HTTP/HTTPS,China - Shenzhen
47.92.194.235,8080,HTTP/HTTPS,China - Beijing
47.120.0.231,8080,HTTP/HTTPS,China - Shenzhen
8.130.74.114,8008,HTTP/HTTPS,China - Beijing
39.104.57.33,3128,HTTP/HTTPS,China - Beijing
8.148.22.214,9098,HTTP/HTTPS,China - Hangzhou
8.146.200.53,8080,HTTP/HTTPS,China - Beijing
39.104.27.89,80,HTTP/HTTPS,China - Beijing
39.100.88.89,80,HTTP/HTTPS,China - Beijing
39.102.211.64,8090,HTTP/HTTPS,China - Beijing
39.104.59.56,3128,HTTP/HTTPS,China - Beijing
106.14.91.83,9080,HTTP/HTTPS,China - Shanghai
8.137.13.191,6666,HTTP/HTTPS,China - Chengdu
8.148.23.202,4000,HTTP/HTTPS,China - Hangzhou
8.148.23.202,3128,HTTP/HTTPS,China - Hangzhou
8.148.23.202,80,HTTP/HTTPS,China - Hangzhou
8.148.23.202,9098,HTTP/HTTPS,China - Hangzhou
8.148.23.202,9080,HTTP/HTTPS,China - Hangzhou
8.148.23.202,4006,HTTP/HTTPS,China - Hangzhou
8.148.23.202,8080,HTTP/HTTPS,China - Hangzhou
132.255.21.123,999,HTTP/HTTPS,Colombia - Tunja
186.96.111.214,999,HTTP/HTTPS,Colombia - Bogotá
200.118.238.71,8080,HTTP/HTTPS,Colombia - Bogotá
209.14.98.5,8080,HTTP/HTTPS,Colombia
179.1.126.78,999,HTTP/HTTPS,Colombia - Quibdó
67.73.240.1,8081,HTTP/HTTPS,Colombia - Bogotá
181.78.73.53,999,HTTP/HTTPS,Colombia - Bogotá
204.199.120.18,999,HTTP/HTTPS,Colombia - Bogotá
186.97.138.69,999,HTTP/HTTPS,Colombia - Medellín
170.239.205.185,999,HTTP/HTTPS,Colombia - Bogotá
190.131.254.83,999,HTTP/HTTPS,Colombia - Medellín
190.14.249.174,999,HTTP/HTTPS,Colombia - Bucaramanga
201.182.248.149,8080,HTTP/HTTPS,Colombia - Pasto
190.61.43.122,8080,HTTP/HTTPS,Colombia - Medellín
207.230.8.69,999,HTTP/HTTPS,Colombia - Bogotá
138.121.15.230,999,HTTP/HTTPS,Colombia
207.230.8.74,999,HTTP/HTTPS,Colombia - Montería
179.42.78.68,999,HTTP/HTTPS,Colombia - Fortul
190.14.249.111,8080,HTTP/HTTPS,Colombia - Bucaramanga
181.174.231.30,9992,HTTP/HTTPS,Colombia - Pitalito
200.85.232.91,3128,HTTP/HTTPS,Colombia - Bogotá
45.179.246.65,999,HTTP/HTTPS,Colombia - Acevedo
141.253.118.174,80,HTTP/HTTPS,France - Paris
45.80.215.245,80,HTTP/HTTPS,France - Paris
212.47.232.28,80,HTTP/HTTPS,France - Paris
40.89.145.14,80,HTTP/HTTPS,France - Paris
35.180.127.14,1001,HTTP/HTTPS,France - Paris
51.159.66.158,3128,HTTP/HTTPS,France - Paris
62.23.184.84,8080,HTTP/HTTPS,France - Paris
176.191.124.3,80,HTTP/HTTPS,France - Grenoble
51.159.28.39,80,HTTP/HTTPS,France - Paris
62.171.168.211,3128,HTTP/HTTPS,France - Lauterbourg
205.237.104.203,3128,HTTP/HTTPS,France - Paris
94.23.9.170,80,HTTP/HTTPS,France
37.59.112.197,80,HTTP/HTTPS,France
51.68.10.90,80,HTTP/HTTPS,France
193.253.220.32,80,HTTP/HTTPS,France
188.40.57.101,80,HTTP/HTTPS,Germany - Falkenstein
8.209.96.245,9080,HTTP/HTTPS,Germany - Frankfurt am Main
47.91.89.3,9080,HTTP/HTTPS,Germany - Frankfurt am Main
8.209.96.245,89,HTTP/HTTPS,Germany - Frankfurt am Main
47.91.89.3,6379,HTTP/HTTPS,Germany - Frankfurt am Main
47.91.89.3,1081,HTTP/HTTPS,Germany - Frankfurt am Main
85.214.77.104,80,HTTP/HTTPS,Germany
212.227.65.114,80,HTTP/HTTPS,Germany
91.98.78.143,80,HTTP/HTTPS,Germany - Nuremberg
91.99.181.245,80,HTTP/HTTPS,Germany - Falkenstein
91.107.171.19,80,HTTP/HTTPS,Germany - Falkenstein
45.13.226.125,80,HTTP/HTTPS,Germany - Frankfurt am Main
46.4.72.215,80,HTTP/HTTPS,Germany - Falkenstein
188.245.218.56,80,HTTP/HTTPS,Germany - Nuremberg
8.211.51.115,4022,HTTP/HTTPS,Germany - Frankfurt am Main
8.211.42.167,3128,HTTP/HTTPS,Germany - Frankfurt am Main
45.10.163.12,80,HTTP/HTTPS,Germany - Karlsruhe
5.75.198.72,80,HTTP/HTTPS,Germany - Nuremberg
8.211.51.115,10,HTTP/HTTPS,Germany - Frankfurt am Main
8.211.51.115,4000,HTTP/HTTPS,Germany - Frankfurt am Main
89.58.55.33,80,HTTP/HTTPS,Germany - Nuremberg
89.58.57.45,80,HTTP/HTTPS,Germany - Nuremberg
8.211.51.115,144,HTTP/HTTPS,Germany - Frankfurt am Main
77.90.12.150,3128,HTTP/HTTPS,Germany
8.209.96.245,31433,HTTP/HTTPS,Germany - Frankfurt am Main
8.209.96.245,18080,HTTP/HTTPS,Germany - Frankfurt am Main
82.165.20.115,80,HTTP/HTTPS,Germany
85.220.141.220,80,HTTP/HTTPS,Germany - Essen
8.209.96.245,8081,HTTP/HTTPS,Germany - Frankfurt am Main
47.91.89.3,8081,HTTP/HTTPS,Germany - Frankfurt am Main
188.245.91.223,80,HTTP/HTTPS,Germany - Falkenstein
80.74.54.148,3128,HTTP/HTTPS,Germany - Cologne
8.209.96.245,3129,HTTP/HTTPS,Germany - Frankfurt am Main
8.209.96.245,6379,HTTP/HTTPS,Germany - Frankfurt am Main
47.91.65.23,3128,HTTP/HTTPS,Germany - Frankfurt am Main
47.238.128.246,8001,HTTP/HTTPS,Hong Kong - Hong Kong
47.238.128.246,41,HTTP/HTTPS,Hong Kong - Hong Kong
8.210.17.35,119,HTTP/HTTPS,Hong Kong - Hong Kong
47.238.128.246,17,HTTP/HTTPS,Hong Kong - Hong Kong
8.210.17.35,4321,HTTP/HTTPS,Hong Kong - Hong Kong
47.238.130.212,59394,HTTP/HTTPS,Hong Kong - Hong Kong
47.238.130.212,3129,HTTP/HTTPS,Hong Kong - Hong Kong
47.238.130.212,20000,HTTP/HTTPS,Hong Kong - Hong Kong
47.76.144.139,9443,HTTP/HTTPS,Hong Kong - Hong Kong
47.238.130.212,9080,HTTP/HTTPS,Hong Kong - Hong Kong
47.238.60.156,8443,HTTP/HTTPS,Hong Kong - Hong Kong
47.238.60.156,18080,HTTP/HTTPS,Hong Kong - Hong Kong
47.238.134.126,5060,HTTP/HTTPS,Hong Kong - Hong Kong
47.238.134.126,6379,HTTP/HTTPS,Hong Kong - Hong Kong
103.253.43.144,80,HTTP/HTTPS,Hong Kong
8.210.17.35,9098,HTTP/HTTPS,Hong Kong - Hong Kong
8.210.147.115,3128,HTTP/HTTPS,Hong Kong - Hong Kong
47.76.144.139,9080,HTTP/HTTPS,Hong Kong - Hong Kong
47.238.60.156,100,HTTP/HTTPS,Hong Kong - Hong Kong
119.236.179.153,80,HTTP/HTTPS,Hong Kong
218.252.118.9,80,HTTP/HTTPS,Hong Kong - Kowloon City
183.178.50.58,8080,HTTP/HTTPS,Hong Kong
45.15.10.174,3128,HTTP/HTTPS,Hong Kong
47.238.128.246,3128,HTTP/HTTPS,Hong Kong - Hong Kong
47.238.128.246,8004,HTTP/HTTPS,Hong Kong - Hong Kong
112.118.125.245,8080,HTTP/HTTPS,Hong Kong
47.238.134.126,8291,HTTP/HTTPS,Hong Kong - Hong Kong
47.238.60.156,81,HTTP/HTTPS,Hong Kong - Hong Kong
47.238.60.156,4002,HTTP/HTTPS,Hong Kong - Hong Kong
47.238.128.246,100,HTTP/HTTPS,Hong Kong - Hong Kong
8.210.17.35,1311,HTTP/HTTPS,Hong Kong - Hong Kong
20.205.16.149,3128,HTTP/HTTPS,Hong Kong - Hong Kong
47.238.128.246,8081,HTTP/HTTPS,Hong Kong - Hong Kong
47.76.144.139,8081,HTTP/HTTPS,Hong Kong - Hong Kong
47.238.134.126,8080,HTTP/HTTPS,Hong Kong - Hong Kong
202.179.69.216,58080,HTTP/HTTPS,India - Pune
103.26.110.125,84,HTTP/HTTPS,India - Mayiladuthurai
103.48.68.6,83,HTTP/HTTPS,India - Hyderabad
103.139.243.137,83,HTTP/HTTPS,India - Pune
45.249.77.145,83,HTTP/HTTPS,India - Hyderabad
103.48.71.62,83,HTTP/HTTPS,India - Hyderabad
202.38.180.66,8080,HTTP/HTTPS,India - Bengaluru
103.130.70.253,83,HTTP/HTTPS,India
203.192.217.6,8080,HTTP/HTTPS,India - Pune
103.78.201.242,5001,HTTP/HTTPS,India
202.179.93.132,58080,HTTP/HTTPS,India - Mumbai
103.177.235.207,82,HTTP/HTTPS,India - Bengaluru
103.41.90.49,84,HTTP/HTTPS,India
103.16.71.125,83,HTTP/HTTPS,India - Bengaluru
202.38.181.129,8080,HTTP/HTTPS,India - Bengaluru
175.111.129.154,8080,HTTP/HTTPS,India
103.48.71.50,83,HTTP/HTTPS,India - Hyderabad
103.130.104.62,83,HTTP/HTTPS,India - Dāntan
219.65.73.81,80,HTTP/HTTPS,India
103.205.64.153,80,HTTP/HTTPS,India
103.231.78.36,80,HTTP/HTTPS,India
103.41.88.6,84,HTTP/HTTPS,India
85.209.161.102,80,HTTP/HTTPS,India - Noida
4.213.167.178,80,HTTP/HTTPS,India - Pune
13.235.43.214,80,HTTP/HTTPS,India - Mumbai
202.43.122.156,1111,HTTP/HTTPS,India
103.217.213.124,32650,HTTP/HTTPS,India
103.122.60.213,8080,HTTP/HTTPS,India
27.34.242.98,80,HTTP/HTTPS,India - Bengaluru
202.83.30.96,80,HTTP/HTTPS,India - Vijayawada
103.156.74.184,8081,HTTP/HTTPS,Indonesia - Gianyar
117.54.114.35,80,HTTP/HTTPS,Indonesia - Jakarta
103.163.13.126,3128,HTTP/HTTPS,Indonesia - Bojonegoro
103.11.99.126,8080,HTTP/HTTPS,Indonesia - Arjuna
103.163.80.108,8080,HTTP/HTTPS,Indonesia
117.54.114.99,80,HTTP/HTTPS,Indonesia - Jakarta
103.217.224.36,3127,HTTP/HTTPS,Indonesia - Ungaran
103.73.193.117,8080,HTTP/HTTPS,Indonesia
103.168.44.210,8088,HTTP/HTTPS,Indonesia - Kuningan Barat
124.158.184.21,64999,HTTP/HTTPS,Indonesia - Jakarta
103.124.197.227,8080,HTTP/HTTPS,Indonesia - Batam
202.51.214.38,8080,HTTP/HTTPS,Indonesia - Denpasar
8.215.15.163,8022,HTTP/HTTPS,Indonesia - Jakarta
118.97.75.86,8080,HTTP/HTTPS,Indonesia
103.171.245.184,1080,HTTP/HTTPS,Indonesia - Ngawi
149.129.255.179,8080,HTTP/HTTPS,Indonesia - Jakarta
149.129.255.179,10443,HTTP/HTTPS,Indonesia - Jakarta
157.66.16.52,8080,HTTP/HTTPS,Indonesia - Indramayu
149.129.226.9,93,HTTP/HTTPS,Indonesia - Jakarta
36.50.92.89,8080,HTTP/HTTPS,Indonesia
103.177.176.62,8080,HTTP/HTTPS,Indonesia - Jakarta
103.105.76.49,8080,HTTP/HTTPS,Indonesia - Bojonegoro
103.171.255.60,8080,HTTP/HTTPS,Indonesia
103.155.198.142,1080,HTTP/HTTPS,Indonesia
182.253.6.236,8080,HTTP/HTTPS,Indonesia - Batam
103.143.105.138,8080,HTTP/HTTPS,Indonesia
36.66.121.131,8080,HTTP/HTTPS,Indonesia - Jakarta
154.90.48.76,80,HTTP/HTTPS,Indonesia - Jakarta
202.58.73.246,1111,HTTP/HTTPS,Indonesia
203.175.103.25,8080,HTTP/HTTPS,Indonesia
103.157.79.83,1111,HTTP/HTTPS,Indonesia - Jakarta
103.139.126.211,8080,HTTP/HTTPS,Indonesia - Indramayu
157.66.84.24,1983,HTTP/HTTPS,Indonesia
149.129.226.9,104,HTTP/HTTPS,Indonesia - Jakarta
149.129.226.9,5441,HTTP/HTTPS,Indonesia - Jakarta
8.221.138.111,8072,HTTP/HTTPS,Japan - Tokyo
47.74.46.81,50,HTTP/HTTPS,Japan - Tokyo
48.210.225.96,80,HTTP/HTTPS,Japan - Tokyo
74.176.195.135,80,HTTP/HTTPS,Japan - Tokyo
47.74.46.81,10000,HTTP/HTTPS,Japan - Tokyo
8.221.138.111,5060,HTTP/HTTPS,Japan - Tokyo
133.232.90.126,80,HTTP/HTTPS,Japan
154.31.115.210,80,HTTP/HTTPS,Japan - Tokyo
154.31.113.209,80,HTTP/HTTPS,Japan - Tokyo
160.251.142.232,80,HTTP/HTTPS,Japan
47.74.46.81,5060,HTTP/HTTPS,Japan - Tokyo
20.27.14.220,8561,HTTP/HTTPS,Japan - Tokyo
20.78.118.91,8561,HTTP/HTTPS,Japan - Tokyo
202.35.251.72,8080,HTTP/HTTPS,Japan
133.18.234.13,80,HTTP/HTTPS,Japan
8.209.255.13,3128,HTTP/HTTPS,Japan - Tokyo
20.27.219.85,8080,HTTP/HTTPS,Japan - Osaka
34.146.60.198,80,HTTP/HTTPS,Japan - Tokyo
8.221.138.111,8080,HTTP/HTTPS,Japan - Tokyo
47.74.46.81,8081,HTTP/HTTPS,Japan - Tokyo
47.74.46.81,9080,HTTP/HTTPS,Japan - Tokyo
47.91.29.151,4145,HTTP/HTTPS,Japan - Tokyo
8.221.138.111,9080,HTTP/HTTPS,Japan - Tokyo
47.91.29.151,8080,HTTP/HTTPS,Japan - Tokyo
102.209.79.230,8080,HTTP/HTTPS,Kenya - Nairobi
102.0.16.226,8080,HTTP/HTTPS,Kenya - Nairobi
102.0.18.12,8080,HTTP/HTTPS,Kenya - Nairobi
41.203.213.211,8104,HTTP/HTTPS,Kenya - Nairobi
102.210.56.58,8080,HTTP/HTTPS,Kenya
98.64.128.182,3128,HTTP/HTTPS,Netherlands - Amsterdam
89.110.80.195,10149,HTTP/HTTPS,Netherlands - Amsterdam
147.75.34.105,443,HTTP/HTTPS,Netherlands - Amsterdam
147.75.34.93,80,HTTP/HTTPS,Netherlands - Amsterdam
154.211.2.68,80,HTTP/HTTPS,Netherlands - Amsterdam
147.75.34.92,443,HTTP/HTTPS,Netherlands - Amsterdam
104.248.81.109,3128,HTTP/HTTPS,Netherlands - Amsterdam
89.110.115.238,80,HTTP/HTTPS,Netherlands - Amsterdam
45.89.110.20,8080,HTTP/HTTPS,Netherlands - Meppel
79.110.198.37,8080,HTTP/HTTPS,Poland - Wroclaw
217.117.132.1,8080,HTTP/HTTPS,Poland - Sandomierz
37.98.223.213,8080,HTTP/HTTPS,Poland
79.110.202.131,8081,HTTP/HTTPS,Poland - Wroclaw
79.110.200.148,8081,HTTP/HTTPS,Poland - Wroclaw
85.30.219.207,80,HTTP/HTTPS,Russia - Podolsk
91.200.163.190,8088,HTTP/HTTPS,Russia
93.177.126.79,8088,HTTP/HTTPS,Russia
82.148.13.136,80,HTTP/HTTPS,Russia - Moscow
188.168.88.69,8080,HTTP/HTTPS,Russia - Krasnokamensk
81.177.6.63,3128,HTTP/HTTPS,Russia
85.30.215.48,32946,HTTP/HTTPS,Russia - Podolsk
212.74.225.230,3128,HTTP/HTTPS,Russia
213.178.39.170,8080,HTTP/HTTPS,Russia
212.67.31.235,8080,HTTP/HTTPS,Russia - Irkutsk
213.108.130.185,80,HTTP/HTTPS,Russia
90.156.169.163,80,HTTP/HTTPS,Russia
31.28.4.192,80,HTTP/HTTPS,Russia
79.174.12.19,80,HTTP/HTTPS,Russia
92.62.149.82,8080,HTTP/HTTPS,Russia - Orenburg
95.167.29.50,8080,HTTP/HTTPS,Russia - St Petersburg
147.91.22.150,80,HTTP/HTTPS,Serbia - Belgrade
8.213.128.6,993,HTTP/HTTPS,South Korea - Seoul
8.213.128.6,82,HTTP/HTTPS,South Korea - Seoul
8.213.128.6,11000,HTTP/HTTPS,South Korea - Seoul
8.213.128.6,4567,HTTP/HTTPS,South Korea - Seoul
8.213.128.6,19,HTTP/HTTPS,South Korea - Seoul
8.213.156.191,6666,HTTP/HTTPS,South Korea - Seoul
8.213.156.191,7010,HTTP/HTTPS,South Korea - Seoul
8.220.204.92,3129,HTTP/HTTPS,South Korea - Seoul
8.220.204.92,18080,HTTP/HTTPS,South Korea - Seoul
8.213.128.6,8001,HTTP/HTTPS,South Korea - Seoul
8.220.205.172,80,HTTP/HTTPS,South Korea - Seoul
8.220.205.172,9098,HTTP/HTTPS,South Korea - Seoul
8.220.205.172,8080,HTTP/HTTPS,South Korea - Seoul
8.213.128.6,8090,HTTP/HTTPS,South Korea - Seoul
8.213.134.213,3128,HTTP/HTTPS,South Korea - Seoul
8.213.134.213,8081,HTTP/HTTPS,South Korea - Seoul
8.213.134.213,4145,HTTP/HTTPS,South Korea - Seoul
8.213.128.6,2020,HTTP/HTTPS,South Korea - Seoul
8.213.128.6,9443,HTTP/HTTPS,South Korea - Seoul
211.195.208.234,80,HTTP/HTTPS,South Korea - Incheon
8.213.128.6,5555,HTTP/HTTPS,South Korea - Seoul
8.220.204.92,8008,HTTP/HTTPS,South Korea - Seoul
222.234.52.105,80,HTTP/HTTPS,South Korea - Daejeon
119.194.72.67,80,HTTP/HTTPS,South Korea - Pyeongtaek-si
8.213.128.6,102,HTTP/HTTPS,South Korea - Seoul
8.213.128.6,80,HTTP/HTTPS,South Korea - Seoul
8.213.134.213,20002,HTTP/HTTPS,South Korea - Seoul
8.213.134.213,18080,HTTP/HTTPS,South Korea - Seoul
8.213.134.213,1081,HTTP/HTTPS,South Korea - Seoul
219.249.37.107,80,HTTP/HTTPS,South Korea - Changwon
221.153.92.39,80,HTTP/HTTPS,South Korea - Pyeongtaek-si
8.220.204.215,90,HTTP/HTTPS,South Korea - Seoul
8.220.204.215,8008,HTTP/HTTPS,South Korea - Seoul
169.211.163.139,80,HTTP/HTTPS,South Korea - Suwon
8.220.204.92,1088,HTTP/HTTPS,South Korea - Seoul
203.217.101.144,80,HTTP/HTTPS,Taiwan - Taichung
182.155.254.159,80,HTTP/HTTPS,Taiwan - Taichung
58.99.118.153,80,HTTP/HTTPS,Taiwan - Yunlin
203.73.62.104,60808,HTTP/HTTPS,Taiwan - Taipei
210.209.216.78,80,HTTP/HTTPS,Taiwan - Taichung
60.244.184.155,80,HTTP/HTTPS,Taiwan - Taichung
211.73.178.144,80,HTTP/HTTPS,Taiwan - Taichung
8.213.195.191,4002,HTTP/HTTPS,Thailand - Bangkok
8.213.195.191,30000,HTTP/HTTPS,Thailand - Bangkok
8.213.195.191,18080,HTTP/HTTPS,Thailand - Bangkok
8.213.222.247,18080,HTTP/HTTPS,Thailand - Bangkok
8.213.222.157,18080,HTTP/HTTPS,Thailand - Bangkok
8.213.215.187,3000,HTTP/HTTPS,Thailand - Bangkok
8.213.215.187,4002,HTTP/HTTPS,Thailand - Bangkok
203.172.136.211,8080,HTTP/HTTPS,Thailand
8.213.222.157,8080,HTTP/HTTPS,Thailand - Bangkok
8.213.222.157,8081,HTTP/HTTPS,Thailand - Bangkok
202.183.236.220,8080,HTTP/HTTPS,Thailand
8.213.215.187,1080,HTTP/HTTPS,Thailand - Bangkok
27.254.99.183,8118,HTTP/HTTPS,Thailand
8.213.197.208,8443,HTTP/HTTPS,Thailand - Bangkok
8.213.197.208,443,HTTP/HTTPS,Thailand - Bangkok
83.118.60.147,8213,HTTP/HTTPS,Thailand
183.88.214.84,8080,HTTP/HTTPS,Thailand - Bangkok
183.88.212.184,8080,HTTP/HTTPS,Thailand - Bangkok
1.0.171.213,8080,HTTP/HTTPS,Thailand - Ko Samui
8.213.197.208,34567,HTTP/HTTPS,Thailand - Bangkok
8.213.215.187,202,HTTP/HTTPS,Thailand - Bangkok
8.213.222.247,8081,HTTP/HTTPS,Thailand - Bangkok
182.52.137.154,8080,HTTP/HTTPS,Thailand - Bangkok
124.122.180.238,8080,HTTP/HTTPS,Thailand - Bangkok
8.213.222.247,20000,HTTP/HTTPS,Thailand - Bangkok
223.205.74.90,8080,HTTP/HTTPS,Thailand - Bang Lamung
203.150.128.85,8080,HTTP/HTTPS,Thailand
8.213.222.247,6379,HTTP/HTTPS,Thailand - Bangkok
49.48.139.142,8080,HTTP/HTTPS,Thailand - Khon Kaen
8.213.215.187,8080,HTTP/HTTPS,Thailand - Bangkok
8.213.215.187,9098,HTTP/HTTPS,Thailand - Bangkok
8.213.222.157,80,HTTP/HTTPS,Thailand - Bangkok
8.213.195.191,3333,HTTP/HTTPS,Thailand - Bangkok
193.25.121.222,8080,HTTP/HTTPS,Ukraine
31.148.207.153,80,HTTP/HTTPS,Ukraine - Khmelnytskyi
5.58.7.214,8080,HTTP/HTTPS,Ukraine - Ternopil
194.29.60.220,8080,HTTP/HTTPS,Ukraine - Khmelnytskyi
159.224.232.194,8888,HTTP/HTTPS,Ukraine - Dnipro
134.209.29.12,8080,HTTP/HTTPS,United Kingdom - Slough
157.125.220.80,8080,HTTP/HTTPS,United Kingdom
8.211.194.78,143,HTTP/HTTPS,United Kingdom - London
8.211.195.173,6379,HTTP/HTTPS,United Kingdom - London
8.211.200.183,1720,HTTP/HTTPS,United Kingdom - London
5.61.62.24,8118,HTTP/HTTPS,United Kingdom - London
8.211.194.85,45,HTTP/HTTPS,United Kingdom - London
139.162.200.213,80,HTTP/HTTPS,United Kingdom - London
8.211.200.183,2019,HTTP/HTTPS,United Kingdom - London
8.211.194.78,8081,HTTP/HTTPS,United Kingdom - London
8.211.194.78,8080,HTTP/HTTPS,United Kingdom - London
46.101.92.46,3128,HTTP/HTTPS,United Kingdom - Slough
8.211.195.173,1000,HTTP/HTTPS,United Kingdom - London
8.211.200.183,8081,HTTP/HTTPS,United Kingdom - London
8.211.194.78,9080,HTTP/HTTPS,United Kingdom - London
8.211.194.78,1081,HTTP/HTTPS,United Kingdom - London
8.211.195.139,8008,HTTP/HTTPS,United Kingdom - London
8.211.200.183,1234,HTTP/HTTPS,United Kingdom - London
162.241.207.217,80,HTTP/HTTPS,United States
209.97.150.167,8080,HTTP/HTTPS,United States - Clifton
5.161.149.111,80,HTTP/HTTPS,United States - Ashburn
47.251.87.199,5060,HTTP/HTTPS,United States
47.251.87.199,8080,HTTP/HTTPS,United States
47.90.167.27,100,HTTP/HTTPS,United States
47.90.149.238,9080,HTTP/HTTPS,United States
47.90.149.238,4145,HTTP/HTTPS,United States
47.90.167.27,8081,HTTP/HTTPS,United States
47.89.159.212,8123,HTTP/HTTPS,United States
47.254.36.213,32764,HTTP/HTTPS,United States
47.254.36.213,45,HTTP/HTTPS,United States
47.254.36.213,50,HTTP/HTTPS,United States
50.203.147.153,80,HTTP/HTTPS,United States - Lawrenceville
12.50.107.219,80,HTTP/HTTPS,United States - Saint Johns
51.8.61.60,80,HTTP/HTTPS,United States - Washington
135.148.120.6,80,HTTP/HTTPS,United States
47.251.87.74,9050,HTTP/HTTPS,United States
12.218.209.130,53281,HTTP/HTTPS,United States - San Jose
47.251.87.74,4002,HTTP/HTTPS,United States
47.251.73.54,92,HTTP/HTTPS,United States
47.90.149.238,8443,HTTP/HTTPS,United States
47.254.36.213,9098,HTTP/HTTPS,United States
47.89.159.212,9080,HTTP/HTTPS,United States
12.89.166.42,8080,HTTP/HTTPS,United States - Sacramento
47.251.73.54,9098,HTTP/HTTPS,United States
47.251.73.54,90,HTTP/HTTPS,United States
167.99.124.118,80,HTTP/HTTPS,United States - Clifton
47.251.74.38,9098,HTTP/HTTPS,United States
66.135.16.53,80,HTTP/HTTPS,United States - Piscataway
45.59.186.60,80,HTTP/HTTPS,United States - Los Angeles
20.81.205.173,80,HTTP/HTTPS,United States - Boydton
173.197.98.164,8111,HTTP/HTTPS,United States - Honolulu
159.65.245.255,80,HTTP/HTTPS,United States - Clifton
54.83.43.241,80,HTTP/HTTPS,United States - Ashburn
190.94.213.23,999,HTTP/HTTPS,Venezuela - Caracas
186.96.70.5,999,HTTP/HTTPS,Venezuela - Caracas
38.159.63.8,999,HTTP/HTTPS,Venezuela - Barquisimeto
190.120.252.174,999,HTTP/HTTPS,Venezuela - Valencia
5.202.176.42,80,HTTP/HTTPS,Iran
78.39.10.11,3128,HTTP/HTTPS,Iran
195.87.136.2,5331,HTTP/HTTPS,Turkey
176.117.104.24,8080,HTTP/HTTPS,Turkey
164.138.205.10,8080,HTTP/HTTPS,Turkey
38.156.72.22,9999,HTTP/HTTPS,Turkey - Antakya
38.156.72.48,8080,HTTP/HTTPS,Turkey - Antakya
38.156.72.28,8080,HTTP/HTTPS,Turkey - Antakya
188.132.222.11,8080,HTTP/HTTPS,Turkey - Antakya
213.142.156.97,80,HTTP/HTTPS,Turkey - Istanbul
165.90.64.216,8080,HTTP/HTTPS,Mozambique - Maputo
35.152.252.253,8080,HTTP/HTTPS,Italy - Milan
78.134.20.48,8080,HTTP/HTTPS,Italy - Cento
195.231.69.203,80,HTTP/HTTPS,Italy - Ponte San Pietro
196.219.202.74,8080,HTTP/HTTPS,Egypt - Cairo
217.52.247.79,1976,HTTP/HTTPS,Egypt
217.52.247.79,1981,HTTP/HTTPS,Egypt
196.219.64.252,8080,HTTP/HTTPS,Egypt - Cairo
196.204.83.235,1981,HTTP/HTTPS,Egypt - 6th of October City
154.236.191.43,1976,HTTP/HTTPS,Egypt - Madīnat an Naşr
213.212.204.207,1976,HTTP/HTTPS,Egypt - Cairo
46.10.229.243,8080,HTTP/HTTPS,Bulgaria - Plovdiv
92.247.12.136,9510,HTTP/HTTPS,Bulgaria - Sofia
87.126.65.11,1388,HTTP/HTTPS,Bulgaria - Sofia
38.180.2.107,3128,HTTP/HTTPS,Bulgaria
43.102.204.46,8080,HTTP/HTTPS,elite proxy
41.191.203.163,80,HTTP/HTTPS,anonymous
196.1.93.10,80,HTTP/HTTPS,elite proxy
46.161.6.165,8080,HTTP/HTTPS,elite proxy
154.17.224.118,80,HTTP/HTTPS,anonymous
91.99.181.245,80,HTTP/HTTPS,anonymous
46.62.254.141,80,HTTP/HTTPS,anonymous
185.88.177.40,80,HTTP/HTTPS,anonymous
157.180.118.86,80,HTTP/HTTPS,anonymous
188.245.218.56,80,HTTP/HTTPS,anonymous
154.205.147.214,80,HTTP/HTTPS,anonymous
38.54.101.90,80,HTTP/HTTPS,anonymous
176.61.151.123,80,HTTP/HTTPS,elite proxy
182.53.202.208,8080,HTTP/HTTPS,anonymous
156.146.56.232,8081,HTTP/HTTPS,anonymous
209.135.168.41,80,HTTP/HTTPS,anonymous
150.136.163.51,80,HTTP/HTTPS,elite proxy
146.56.117.33,1080,HTTP/HTTPS,elite proxy
113.164.135.164,8080,HTTP/HTTPS,elite proxy
103.35.188.243,3128,HTTP/HTTPS,elite proxy
192.73.244.36,80,HTTP/HTTPS,elite proxy
194.150.110.134,80,HTTP/HTTPS,anonymous
198.49.68.80,80,HTTP/HTTPS,elite proxy
194.158.203.14,80,HTTP/HTTPS,anonymous
124.108.6.20,8085,HTTP/HTTPS,anonymous
147.75.34.105,443,HTTP/HTTPS,elite proxy
117.54.114.100,80,HTTP/HTTPS,anonymous
189.133.68.236,80,HTTP/HTTPS,elite proxy
34.146.60.198,80,HTTP/HTTPS,elite proxy
198.111.166.184,80,HTTP/HTTPS,elite proxy
197.221.249.196,80,HTTP/HTTPS,anonymous
94.184.25.4,80,HTTP/HTTPS,anonymous
8.212.177.126,8080,HTTP/HTTPS,anonymous
212.114.194.78,80,HTTP/HTTPS,anonymous
78.129.253.151,80,HTTP/HTTPS,anonymous
109.236.88.82,80,HTTP/HTTPS,anonymous
58.152.58.208,80,HTTP/HTTPS,anonymous
47.74.157.194,80,HTTP/HTTPS,anonymous
62.60.195.94,80,HTTP/HTTPS,anonymous
46.101.252.5,80,HTTP/HTTPS,anonymous
41.191.203.161,80,HTTP/HTTPS,anonymous
47.251.57.165,1080,HTTP/HTTPS,elite proxy
213.143.113.82,80,HTTP/HTTPS,anonymous
172.193.178.226,80,HTTP/HTTPS,elite proxy
45.80.215.245,80,HTTP/HTTPS,anonymous
103.125.31.222,80,HTTP/HTTPS,anonymous
102.223.9.53,80,HTTP/HTTPS,anonymous
216.229.112.25,8080,HTTP/HTTPS,elite proxy
34.44.49.215,80,HTTP/HTTPS,anonymous
94.182.177.92,80,HTTP/HTTPS,anonymous
95.179.242.209,80,HTTP/HTTPS,anonymous
95.216.49.153,80,HTTP/HTTPS,anonymous
12.50.107.219,80,HTTP/HTTPS,anonymous
157.175.169.150,80,HTTP/HTTPS,elite proxy
212.114.194.74,80,HTTP/HTTPS,anonymous
200.174.198.32,8888,HTTP/HTTPS,anonymous
85.220.141.220,80,HTTP/HTTPS,anonymous
5.75.200.75,80,HTTP/HTTPS,anonymous
0.0.0.0,80,HTTP/HTTPS,anonymous
127.0.0.7,80,HTTP/HTTPS,anonymous
72.10.160.94,16485,HTTP/HTTPS,elite proxy
156.146.56.231,8081,HTTP/HTTPS,anonymous
174.138.119.88,80,HTTP/HTTPS,anonymous
156.246.90.81,80,HTTP/HTTPS,anonymous
89.116.88.19,80,HTTP/HTTPS,anonymous
38.60.196.214,80,HTTP/HTTPS,anonymous
72.10.160.93,1209,HTTP/HTTPS,anonymous
5.161.155.252,80,HTTP/HTTPS,anonymous
219.93.101.62,80,HTTP/HTTPS,anonymous
103.253.43.144,80,HTTP/HTTPS,anonymous
150.107.140.238,3128,HTTP/HTTPS,anonymous
154.65.39.7,80,HTTP/HTTPS,elite proxy
103.87.149.14,80,HTTP/HTTPS,elite proxy
35.197.89.213,80,HTTP/HTTPS,elite proxy
109.173.80.93,80,HTTP/HTTPS,anonymous
156.146.56.241,8081,HTTP/HTTPS,anonymous
139.162.78.109,8080,HTTP/HTTPS,anonymous
52.188.28.218,3128,HTTP/HTTPS,anonymous
87.95.146.131,80,HTTP/HTTPS,elite proxy
200.33.20.25,80,HTTP/HTTPS,elite proxy
173.249.210.102,80,HTTP/HTTPS,anonymous
78.157.58.254,80,HTTP/HTTPS,anonymous
195.181.173.65,80,HTTP/HTTPS,anonymous
77.42.31.147,80,HTTP/HTTPS,anonymous
176.126.164.213,80,HTTP/HTTPS,anonymous
51.8.61.60,80,HTTP/HTTPS,anonymous
5.75.198.72,80,HTTP/HTTPS,anonymous
62.99.138.162,80,HTTP/HTTPS,anonymous
219.65.73.81,80,HTTP/HTTPS,anonymous
91.109.204.213,80,HTTP/HTTPS,anonymous
41.220.16.209,80,HTTP/HTTPS,anonymous
27.34.242.98,80,HTTP/HTTPS,anonymous
202.83.30.96,80,HTTP/HTTPS,anonymous
174.136.204.40,80,HTTP/HTTPS,anonymous
5.45.126.128,8080,HTTP/HTTPS,anonymous
144.125.164.222,8080,HTTP/HTTPS,anonymous
45.59.186.60,80,HTTP/HTTPS,anonymous
35.202.49.74,80,HTTP/HTTPS,anonymous
176.126.103.194,44214,HTTP/HTTPS,elite proxy
97.74.87.226,80,HTTP/HTTPS,anonymous
82.214.86.82,8080,HTTP/HTTPS,transparent
85.214.107.177,80,HTTP/HTTPS,elite proxy
8.210.17.35,9098,HTTP/HTTPS,elite proxy
175.101.240.38,80,HTTP/HTTPS,elite proxy
89.110.115.238,80,HTTP/HTTPS,anonymous
89.110.76.193,80,HTTP/HTTPS,anonymous
62.60.131.26,8888,HTTP/HTTPS,elite proxy
161.35.70.249,80,HTTP/HTTPS,anonymous
156.226.174.73,3128,HTTP/HTTPS,elite proxy
129.150.39.251,8000,HTTP/HTTPS,elite proxy
103.205.64.153,80,HTTP/HTTPS,elite proxy
162.240.19.30,80,HTTP/HTTPS,elite proxy
213.157.6.50,80,HTTP/HTTPS,anonymous
139.162.200.213,80,HTTP/HTTPS,anonymous
8.218.220.123,8080,HTTP/HTTPS,anonymous
172.238.22.205,80,HTTP/HTTPS,anonymous
212.114.194.75,80,HTTP/HTTPS,anonymous
81.196.53.88,80,HTTP/HTTPS,elite proxy
183.110.216.159,8090,HTTP/HTTPS,anonymous
80.74.54.148,3128,HTTP/HTTPS,anonymous
84.39.112.144,3128,HTTP/HTTPS,anonymous
193.53.127.169,80,HTTP/HTTPS,anonymous
156.146.56.234,8081,HTTP/HTTPS,anonymous
197.221.240.240,80,HTTP/HTTPS,anonymous
160.251.142.232,80,HTTP/HTTPS,anonymous
47.56.110.204,8989,HTTP/HTTPS,anonymous
89.104.71.36,1080,HTTP/HTTPS,elite proxy
219.249.37.107,8382,HTTP/HTTPS,anonymous
154.17.228.122,80,HTTP/HTTPS,anonymous
217.162.8.134,80,HTTP/HTTPS,elite proxy
5.202.176.42,80,HTTP/HTTPS,anonymous
87.251.66.73,8080,HTTP/HTTPS,elite proxy
212.80.8.82,80,HTTP/HTTPS,anonymous
91.132.92.231,80,HTTP/HTTPS,anonymous
50.122.86.118,80,HTTP/HTTPS,anonymous
157.230.253.164,8080,HTTP/HTTPS,anonymous
14.228.106.39,8080,HTTP/HTTPS,elite proxy
156.146.56.233,8081,HTTP/HTTPS,anonymous
81.169.213.169,8888,HTTP/HTTPS,anonymous
89.58.57.45,80,HTTP/HTTPS,anonymous
50.203.147.157,80,HTTP/HTTPS,anonymous
217.150.43.249,8080,HTTP/HTTPS,elite proxy
143.42.66.91,80,HTTP/HTTPS,anonymous
78.129.253.148,80,HTTP/HTTPS,anonymous
12.50.107.220,80,HTTP/HTTPS,anonymous
79.175.188.151,80,HTTP/HTTPS,anonymous
82.115.25.50,80,HTTP/HTTPS,anonymous
13.235.43.214,80,HTTP/HTTPS,elite proxy
159.112.136.219,18081,HTTP/HTTPS,transparent
45.4.202.146,999,HTTP/HTTPS,transparent
103.187.86.166,8080,HTTP/HTTPS,transparent
45.167.125.170,999,HTTP/HTTPS,transparent
109.234.35.246,8080,HTTP/HTTPS,transparent
124.217.68.101,8082,HTTP/HTTPS,transparent
112.211.148.120,8080,HTTP/HTTPS,transparent
103.49.171.33,1111,HTTP/HTTPS,transparent
45.204.208.22,60002,HTTP/HTTPS,elite proxy
47.238.203.170,50000,HTTP/HTTPS,elite proxy
91.107.138.98,2255,HTTP/HTTPS,anonymous
149.88.71.86,8080,HTTP/HTTPS,anonymous
195.158.8.123,3128,HTTP/HTTPS,elite proxy
89.238.200.81,80,HTTP/HTTPS,anonymous
139.99.237.62,80,HTTP/HTTPS,anonymous
119.235.112.42,3128,HTTP/HTTPS,anonymous
213.142.156.97,80,HTTP/HTTPS,anonymous
156.38.112.11,80,HTTP/HTTPS,elite proxy
185.129.117.221,80,HTTP/HTTPS,anonymous
179.96.28.58,80,HTTP/HTTPS,elite proxy
35.154.136.66,80,HTTP/HTTPS,elite proxy
65.109.176.217,80,HTTP/HTTPS,anonymous
133.18.234.13,80,HTTP/HTTPS,anonymous
172.237.73.24,80,HTTP/HTTPS,anonymous
34.132.186.77,80,HTTP/HTTPS,elite proxy
192.151.153.243,80,HTTP/HTTPS,elite proxy
34.122.187.196,80,HTTP/HTTPS,elite proxy
137.184.96.68,80,HTTP/HTTPS,elite proxy
46.47.197.210,3128,HTTP/HTTPS,elite proxy
190.58.248.86,80,HTTP/HTTPS,anonymous
194.87.77.22,80,HTTP/HTTPS,elite proxy
144.31.64.234,80,HTTP/HTTPS,anonymous
185.36.145.215,80,HTTP/HTTPS,anonymous
210.223.44.230,3128,HTTP/HTTPS,anonymous
89.58.55.33,80,HTTP/HTTPS,anonymous
117.54.114.33,80,HTTP/HTTPS,anonymous
18.202.158.161,80,HTTP/HTTPS,anonymous
81.10.234.234,80,HTTP/HTTPS,anonymous
213.73.25.230,8080,HTTP/HTTPS,elite proxy
41.191.203.162,80,HTTP/HTTPS,anonymous
5.188.190.114,80,HTTP/HTTPS,anonymous
154.31.115.210,80,HTTP/HTTPS,anonymous
12.50.107.217,80,HTTP/HTTPS,anonymous
47.237.107.41,5060,HTTP/HTTPS,elite proxy
207.246.234.115,4669,HTTP/HTTPS,elite proxy
35.209.198.222,80,HTTP/HTTPS,elite proxy
83.171.252.150,8080,HTTP/HTTPS,elite proxy
41.220.16.218,80,HTTP/HTTPS,anonymous
47.91.110.148,10,HTTP/HTTPS,elite proxy
185.128.138.118,80,HTTP/HTTPS,anonymous
14.177.236.212,55443,HTTP/HTTPS,transparent
43.135.170.188,3128,HTTP/HTTPS,anonymous
52.87.167.25,80,HTTP/HTTPS,anonymous
103.13.204.11,8090,HTTP/HTTPS,transparent
138.0.207.3,8085,HTTP/HTTPS,transparent
103.124.138.76,1111,HTTP/HTTPS,transparent
213.212.204.206,1976,HTTP/HTTPS,transparent
89.175.0.74,3129,HTTP/HTTPS,transparent
113.192.31.199,8080,HTTP/HTTPS,transparent
217.76.243.2,999,HTTP/HTTPS,transparent
201.159.99.37,8081,HTTP/HTTPS,transparent
103.191.165.146,8090,HTTP/HTTPS,transparent
103.180.123.229,8090,HTTP/HTTPS,transparent
177.130.104.86,33333,HTTP/HTTPS,transparent
122.54.119.79,8080,HTTP/HTTPS,transparent
102.38.7.110,1972,HTTP/HTTPS,transparent
180.191.16.34,8082,HTTP/HTTPS,transparent
192.203.0.254,999,HTTP/HTTPS,transparent
38.156.73.61,8080,HTTP/HTTPS,transparent
45.71.202.147,1993,HTTP/HTTPS,transparent
187.216.229.150,8080,HTTP/HTTPS,transparent
103.180.126.42,8181,HTTP/HTTPS,transparent
45.230.170.30,999,HTTP/HTTPS,transparent
181.78.50.121,999,HTTP/HTTPS,transparent
200.115.100.33,8080,HTTP/HTTPS,transparent
180.211.161.110,8080,HTTP/HTTPS,transparent
154.127.219.242,999,HTTP/HTTPS,transparent
210.79.141.226,8080,HTTP/HTTPS,transparent
103.46.186.57,8080,HTTP/HTTPS,transparent
181.119.84.221,8080,HTTP/HTTPS,transparent
176.88.168.109,8080,HTTP/HTTPS,transparent
103.10.60.178,8080,HTTP/HTTPS,transparent
84.51.0.57,8080,HTTP/HTTPS,transparent
103.169.41.221,8081,HTTP/HTTPS,transparent
144.125.164.158,8080,HTTP/HTTPS,anonymous
202.133.88.173,80,HTTP/HTTPS,anonymous
212.227.65.114,80,HTTP/HTTPS,elite proxy
219.93.101.63,80,HTTP/HTTPS,anonymous
154.31.113.209,80,HTTP/HTTPS,anonymous
32.223.6.94,80,HTTP/HTTPS,anonymous
18.228.100.248,3128,HTTP/HTTPS,anonymous
103.148.192.189,3128,HTTP/HTTPS,anonymous
90.156.169.163,80,HTTP/HTTPS,anonymous
23.247.136.254,80,HTTP/HTTPS,anonymous
138.68.60.8,80,HTTP/HTTPS,anonymous
137.184.6.117,3128,HTTP/HTTPS,transparent
82.180.132.69,80,HTTP/HTTPS,elite proxy
213.33.126.130,80,HTTP/HTTPS,anonymous
41.191.203.167,80,HTTP/HTTPS,anonymous
134.209.29.120,80,HTTP/HTTPS,anonymous
206.189.88.243,8080,HTTP/HTTPS,anonymous
212.114.194.79,80,HTTP/HTTPS,anonymous
41.191.203.160,80,HTTP/HTTPS,anonymous
193.36.85.226,80,HTTP/HTTPS,anonymous
78.129.253.149,80,HTTP/HTTPS,anonymous
211.230.49.122,3128,HTTP/HTTPS,anonymous
12.50.107.221,80,HTTP/HTTPS,anonymous
178.162.242.88,80,HTTP/HTTPS,anonymous
112.198.22.122,80,HTTP/HTTPS,elite proxy
13.78.120.128,80,HTTP/HTTPS,elite proxy
82.165.202.246,80,HTTP/HTTPS,anonymous
8.219.97.248,80,HTTP/HTTPS,anonymous
109.230.92.50,3128,HTTP/HTTPS,elite proxy
50.203.147.152,80,HTTP/HTTPS,anonymous
95.173.218.66,8082,HTTP/HTTPS,anonymous
187.62.191.3,61456,HTTP/HTTPS,transparent
183.110.216.128,8090,HTTP/HTTPS,anonymous
41.220.22.7,80,HTTP/HTTPS,anonymous
124.197.21.223,3128,HTTP/HTTPS,transparent
157.254.37.238,999,HTTP/HTTPS,transparent
103.96.79.75,8080,HTTP/HTTPS,transparent
204.77.11.13,999,HTTP/HTTPS,transparent
36.94.27.65,8080,HTTP/HTTPS,transparent
210.87.125.146,8090,HTTP/HTTPS,anonymous
185.143.228.128,1080,HTTP/HTTPS,elite proxy
41.139.151.147,80,HTTP/HTTPS,elite proxy
38.54.9.151,3128,HTTP/HTTPS,elite proxy
31.28.4.192,80,HTTP/HTTPS,elite proxy
175.139.233.79,80,HTTP/HTTPS,anonymous
154.65.39.8,80,HTTP/HTTPS,elite proxy
151.242.153.8,80,HTTP/HTTPS,elite proxy
41.220.16.214,80,HTTP/HTTPS,anonymous
139.59.1.14,80,HTTP/HTTPS,anonymous
159.203.61.169,3128,HTTP/HTTPS,anonymous
197.221.240.176,80,HTTP/HTTPS,anonymous
138.68.235.51,80,HTTP/HTTPS,elite proxy
62.133.63.236,1111,HTTP/HTTPS,elite proxy
3.232.220.76,80,HTTP/HTTPS,anonymous
128.199.202.122,8080,HTTP/HTTPS,anonymous
8.212.157.10,8080,HTTP/HTTPS,anonymous
159.65.221.25,80,HTTP/HTTPS,anonymous
163.172.167.48,80,HTTP/HTTPS,elite proxy
103.204.211.48,32255,HTTP/HTTPS,elite proxy
203.115.101.61,82,HTTP/HTTPS,elite proxy
167.99.236.14,80,HTTP/HTTPS,elite proxy
146.19.9.236,80,HTTP/HTTPS,elite proxy
197.221.249.199,80,HTTP/HTTPS,anonymous
95.173.218.67,8082,HTTP/HTTPS,anonymous
197.221.249.197,80,HTTP/HTTPS,anonymous
15.188.181.110,80,HTTP/HTTPS,elite proxy
196.1.97.198,80,HTTP/HTTPS,elite proxy
212.114.194.72,80,HTTP/HTTPS,anonymous
184.178.172.25,15291,HTTP/HTTPS,Socks4
96.36.50.99,39593,HTTP/HTTPS,Socks4
5.58.47.25,3629,HTTP/HTTPS,Socks4
200.110.173.17,3629,HTTP/HTTPS,Socks4
185.30.43.65,60606,HTTP/HTTPS,Socks4
46.188.2.42,5678,HTTP/HTTPS,Socks4
68.71.242.118,4145,HTTP/HTTPS,Socks4
125.27.10.84,4153,HTTP/HTTPS,Socks4
213.149.156.87,5678,HTTP/HTTPS,Socks4
36.66.170.25,4153,HTTP/HTTPS,Socks4
192.111.137.37,18762,HTTP/HTTPS,Socks4
159.148.146.65,5678,HTTP/HTTPS,Socks4
184.181.178.33,4145,HTTP/HTTPS,Socks4
142.54.232.6,4145,HTTP/HTTPS,Socks4
95.43.244.15,4153,HTTP/HTTPS,Socks4
177.85.65.177,4153,HTTP/HTTPS,Socks4
91.221.70.29,1080,HTTP/HTTPS,Socks4
104.248.151.220,57554,HTTP/HTTPS,Socks4
62.33.134.61,1080,HTTP/HTTPS,Socks4
123.25.116.228,1080,HTTP/HTTPS,Socks4
107.181.161.81,4145,HTTP/HTTPS,Socks4
45.40.136.39,45741,HTTP/HTTPS,Socks4
192.252.208.67,14287,HTTP/HTTPS,Socks4
24.249.199.12,4145,HTTP/HTTPS,Socks4
8.220.194.115,1080,HTTP/HTTPS,Socks4
37.193.71.189,1080,HTTP/HTTPS,Socks4
125.228.94.199,4145,HTTP/HTTPS,Socks4
141.94.195.25,22563,HTTP/HTTPS,Socks4
107.152.98.5,4145,HTTP/HTTPS,Socks4
1.4.195.114,4145,HTTP/HTTPS,Socks4
47.91.89.3,8443,HTTP/HTTPS,Socks4
80.78.78.106,65530,HTTP/HTTPS,Socks4
192.111.137.34,18765,HTTP/HTTPS,Socks4
163.53.180.115,60606,HTTP/HTTPS,Socks4
38.51.48.20,5678,HTTP/HTTPS,Socks4
46.29.116.6,4145,HTTP/HTTPS,Socks4
78.140.46.48,1080,HTTP/HTTPS,Socks4
150.129.115.253,6667,HTTP/HTTPS,Socks4
103.97.94.22,4153,HTTP/HTTPS,Socks4
213.248.39.166,4153,HTTP/HTTPS,Socks4
47.176.213.210,39593,HTTP/HTTPS,Socks4
107.219.228.250,7777,HTTP/HTTPS,Socks4
83.169.255.92,1080,HTTP/HTTPS,Socks4
188.93.64.242,4153,HTTP/HTTPS,Socks4
85.237.51.73,4145,HTTP/HTTPS,Socks4
103.165.64.86,4153,HTTP/HTTPS,Socks4
72.195.101.99,4145,HTTP/HTTPS,Socks4
202.175.221.171,4153,HTTP/HTTPS,Socks4
184.178.172.18,15280,HTTP/HTTPS,Socks4
103.14.251.16,4153,HTTP/HTTPS,Socks4
84.52.123.163,4145,HTTP/HTTPS,Socks4
203.156.190.5,5678,HTTP/HTTPS,Socks4
88.87.79.18,3629,HTTP/HTTPS,Socks4
118.172.47.97,51327,HTTP/HTTPS,Socks4
66.42.224.229,41679,HTTP/HTTPS,Socks4
186.26.95.249,61445,HTTP/HTTPS,Socks4
199.116.114.11,4145,HTTP/HTTPS,Socks4
193.158.12.140,4153,HTTP/HTTPS,Socks4
98.170.57.231,4145,HTTP/HTTPS,Socks4
191.102.82.83,4153,HTTP/HTTPS,Socks4
69.61.200.104,36181,HTTP/HTTPS,Socks4
142.54.236.97,4145,HTTP/HTTPS,Socks4
199.187.210.54,4145,HTTP/HTTPS,Socks4
104.236.171.128,41047,HTTP/HTTPS,Socks4
46.21.186.252,1080,HTTP/HTTPS,Socks4
190.104.26.227,33638,HTTP/HTTPS,Socks4
104.200.135.46,4145,HTTP/HTTPS,Socks4
68.71.254.6,4145,HTTP/HTTPS,Socks4
103.180.223.7,1080,HTTP/HTTPS,Socks4
89.134.125.5,4153,HTTP/HTTPS,Socks4
67.201.33.10,25283,HTTP/HTTPS,Socks4
184.170.245.148,4145,HTTP/HTTPS,Socks4
138.59.177.117,5678,HTTP/HTTPS,Socks4
200.105.192.6,5678,HTTP/HTTPS,Socks4
62.133.63.236,1111,HTTP/HTTPS,Socks4
213.21.53.119,4153,HTTP/HTTPS,Socks4
101.96.117.164,1080,HTTP/HTTPS,Socks4
91.107.138.98,2255,HTTP/HTTPS,Socks4
69.49.234.59,55804,HTTP/HTTPS,Socks4
45.228.151.157,1088,HTTP/HTTPS,Socks4
115.127.112.34,1080,HTTP/HTTPS,Socks4
103.239.200.226,11,HTTP/HTTPS,Socks4
173.212.215.22,7070,HTTP/HTTPS,Socks4
212.31.100.138,4153,HTTP/HTTPS,Socks4
38.183.144.18,1080,HTTP/HTTPS,Socks4
192.111.137.35,4145,HTTP/HTTPS,Socks4
185.26.168.17,4153,HTTP/HTTPS,Socks4
192.111.139.165,4145,HTTP/HTTPS,Socks4
185.210.85.26,56981,HTTP/HTTPS,Socks4
154.79.248.156,5678,HTTP/HTTPS,Socks4
160.22.22.85,5678,HTTP/HTTPS,Socks4
103.41.32.250,51951,HTTP/HTTPS,Socks4
87.117.11.57,1080,HTTP/HTTPS,Socks4
45.238.57.1,3629,HTTP/HTTPS,Socks4
138.68.21.132,45793,HTTP/HTTPS,Socks4
213.210.67.186,3629,HTTP/HTTPS,Socks4
212.103.118.77,5678,HTTP/HTTPS,Socks4
142.54.226.214,4145,HTTP/HTTPS,Socks4
104.236.114.255,25466,HTTP/HTTPS,Socks4
198.8.94.170,4145,HTTP/HTTPS,Socks4
202.51.126.241,1080,HTTP/HTTPS,Socks4
72.214.108.67,4145,HTTP/HTTPS,Socks4
223.25.109.146,8199,HTTP/HTTPS,Socks4
184.170.251.30,11288,HTTP/HTTPS,Socks4
27.121.101.5,5678,HTTP/HTTPS,Socks4
72.37.216.68,4145,HTTP/HTTPS,Socks4
200.50.249.224,4153,HTTP/HTTPS,Socks4
45.77.107.174,9050,HTTP/HTTPS,Socks4
45.234.77.86,4153,HTTP/HTTPS,Socks4
185.34.17.72,60606,HTTP/HTTPS,Socks4
205.185.113.92,1080,HTTP/HTTPS,Socks4
115.127.119.252,1080,HTTP/HTTPS,Socks4
91.150.189.122,60647,HTTP/HTTPS,Socks4
175.139.200.17,4153,HTTP/HTTPS,Socks4
103.121.195.12,61221,HTTP/HTTPS,Socks4
103.189.218.158,1080,HTTP/HTTPS,Socks4
91.211.115.127,1080,HTTP/HTTPS,Socks4
176.235.182.90,1080,HTTP/HTTPS,Socks4
80.78.64.70,4145,HTTP/HTTPS,Socks4
37.221.202.84,33333,HTTP/HTTPS,Socks4
185.95.186.165,48293,HTTP/HTTPS,Socks4
103.166.124.249,8199,HTTP/HTTPS,Socks4
8.215.12.103,80,HTTP/HTTPS,Socks4
103.224.48.38,31433,HTTP/HTTPS,Socks4
85.89.184.87,5678,HTTP/HTTPS,Socks4
62.60.131.26,8888,HTTP/HTTPS,Socks4
88.213.214.254,4145,HTTP/HTTPS,Socks4
45.177.80.210,1080,HTTP/HTTPS,Socks4
185.231.204.221,6115,HTTP/HTTPS,Socks4
150.107.207.137,57230,HTTP/HTTPS,Socks4
188.143.169.22,33333,HTTP/HTTPS,Socks4
184.170.248.5,4145,HTTP/HTTPS,Socks4
62.201.212.198,4673,HTTP/HTTPS,Socks4
87.107.48.225,1080,HTTP/HTTPS,Socks4
193.106.57.96,5678,HTTP/HTTPS,Socks4
45.249.79.190,3629,HTTP/HTTPS,Socks4
103.247.13.54,8080,HTTP/HTTPS,Socks4
118.67.216.94,4145,HTTP/HTTPS,Socks4
197.232.43.224,1080,HTTP/HTTPS,Socks4
113.53.29.228,13629,HTTP/HTTPS,Socks4
45.122.123.29,8199,HTTP/HTTPS,Socks4
195.46.172.190,4153,HTTP/HTTPS,Socks4
213.226.122.5,7788,HTTP/HTTPS,Socks4
47.237.113.119,3128,HTTP/HTTPS,Socks4
36.37.189.64,5678,HTTP/HTTPS,Socks4
103.210.28.66,31433,HTTP/HTTPS,Socks4
103.164.223.35,5678,HTTP/HTTPS,Socks4
2.115.212.62,48293,HTTP/HTTPS,Socks4
115.187.50.40,5678,HTTP/HTTPS,Socks4
8.213.195.191,3333,HTTP/HTTPS,Socks4
78.31.93.76,1080,HTTP/HTTPS,Socks4
183.88.240.139,4153,HTTP/HTTPS,Socks4
77.238.79.111,5678,HTTP/HTTPS,Socks4
179.189.219.98,4145,HTTP/HTTPS,Socks4
77.46.138.37,33608,HTTP/HTTPS,Socks4
91.192.25.158,4145,HTTP/HTTPS,Socks4
138.199.25.13,3902,HTTP/HTTPS,Socks4
103.139.246.166,5678,HTTP/HTTPS,Socks4
95.182.78.3,5678,HTTP/HTTPS,Socks4
67.201.58.190,4145,HTTP/HTTPS,Socks4
37.187.29.43,42450,HTTP/HTTPS,Socks4
8.219.57.110,1100,HTTP/HTTPS,Socks4
103.86.57.9,4145,HTTP/HTTPS,Socks4
103.229.83.106,6789,HTTP/HTTPS,Socks4
202.131.246.250,5678,HTTP/HTTPS,Socks4
40.134.10.174,18351,HTTP/HTTPS,Socks4
125.25.57.57,4153,HTTP/HTTPS,Socks4
177.10.201.170,45780,HTTP/HTTPS,Socks4
190.144.224.182,44550,HTTP/HTTPS,Socks4
202.148.22.106,5678,HTTP/HTTPS,Socks4
118.70.151.55,1080,HTTP/HTTPS,Socks4
87.121.49.238,4145,HTTP/HTTPS,Socks4
89.222.132.31,3629,HTTP/HTTPS,Socks4
169.239.236.201,10801,HTTP/HTTPS,Socks4
181.205.46.178,4666,HTTP/HTTPS,Socks4
203.190.8.59,1088,HTTP/HTTPS,Socks4
68.71.240.210,4145,HTTP/HTTPS,Socks4
46.171.28.162,59311,HTTP/HTTPS,Socks4
194.152.50.92,5678,HTTP/HTTPS,Socks4
200.30.165.2,60606,HTTP/HTTPS,Socks4
222.165.231.202,41541,HTTP/HTTPS,Socks4
103.86.135.34,5678,HTTP/HTTPS,Socks4
46.29.116.3,4145,HTTP/HTTPS,Socks4
47.90.167.27,100,HTTP/HTTPS,Socks4
45.116.114.37,5678,HTTP/HTTPS,Socks4
187.19.127.246,8011,HTTP/HTTPS,Socks4
83.143.24.29,5678,HTTP/HTTPS,Socks4
27.147.244.93,10888,HTTP/HTTPS,Socks4
84.2.239.42,4153,HTTP/HTTPS,Socks4
89.148.196.156,1080,HTTP/HTTPS,Socks4
143.208.130.155,5678,HTTP/HTTPS,Socks4
203.174.15.50,60606,HTTP/HTTPS,Socks4
49.229.36.210,4153,HTTP/HTTPS,Socks4
103.112.55.166,1088,HTTP/HTTPS,Socks4
36.64.164.210,5678,HTTP/HTTPS,Socks4
8.210.17.35,8008,HTTP/HTTPS,Socks4
192.252.220.92,17328,HTTP/HTTPS,Socks4
199.102.105.242,4145,HTTP/HTTPS,Socks4
192.252.220.89,4145,HTTP/HTTPS,Socks4
103.60.138.2,4153,HTTP/HTTPS,Socks4
138.186.155.1,1085,HTTP/HTTPS,Socks4
103.204.54.50,1080,HTTP/HTTPS,Socks4
186.190.228.83,4153,HTTP/HTTPS,Socks4
103.166.39.233,3629,HTTP/HTTPS,Socks4
37.193.233.97,1080,HTTP/HTTPS,Socks4
182.48.93.185,8080,HTTP/HTTPS,Socks4
103.1.105.10,4153,HTTP/HTTPS,Socks4
187.95.136.46,5678,HTTP/HTTPS,Socks4
103.160.12.147,8199,HTTP/HTTPS,Socks4
111.90.169.178,5678,HTTP/HTTPS,Socks4
31.43.63.70,4145,HTTP/HTTPS,Socks4
116.197.129.170,4145,HTTP/HTTPS,Socks4
202.166.196.105,48293,HTTP/HTTPS,Socks4
192.248.95.98,54126,HTTP/HTTPS,Socks4
104.37.135.145,4145,HTTP/HTTPS,Socks4
45.236.152.21,4145,HTTP/HTTPS,Socks4
195.74.72.111,5678,HTTP/HTTPS,Socks4
95.182.78.18,5678,HTTP/HTTPS,Socks4
202.162.219.13,1080,HTTP/HTTPS,Socks4
8.210.89.96,1080,HTTP/HTTPS,Socks4
94.231.188.230,4153,HTTP/HTTPS,Socks4
79.101.45.94,56921,HTTP/HTTPS,Socks4
162.255.108.249,5678,HTTP/HTTPS,Socks4
189.203.181.34,1080,HTTP/HTTPS,Socks4
93.184.8.22,1080,HTTP/HTTPS,Socks4
103.127.23.10,5678,HTTP/HTTPS,Socks4
103.50.7.242,60606,HTTP/HTTPS,Socks4
80.78.74.66,65530,HTTP/HTTPS,Socks4
46.245.123.30,1080,HTTP/HTTPS,Socks4
222.165.234.147,52667,HTTP/HTTPS,Socks4
109.120.155.9,1080,HTTP/HTTPS,Socks4
47.243.58.68,1111,HTTP/HTTPS,Socks4
212.126.5.242,42344,HTTP/HTTPS,Socks4
119.17.204.225,1080,HTTP/HTTPS,Socks4
103.189.218.83,6969,HTTP/HTTPS,Socks4
182.253.140.250,5678,HTTP/HTTPS,Socks4
185.244.36.240,22593,HTTP/HTTPS,Socks4
104.200.152.30,4145,HTTP/HTTPS,Socks4
90.188.56.158,4153,HTTP/HTTPS,Socks4
41.174.111.123,8080,HTTP/HTTPS,Socks4
8.220.141.8,50,HTTP/HTTPS,Socks4
8.213.197.208,9098,HTTP/HTTPS,Socks4
47.238.60.156,18081,HTTP/HTTPS,Socks4
129.205.244.185,5678,HTTP/HTTPS,Socks4
122.252.179.66,5678,HTTP/HTTPS,Socks4
103.115.198.64,1080,HTTP/HTTPS,Socks4
200.188.246.122,60606,HTTP/HTTPS,Socks4
119.93.123.229,4145,HTTP/HTTPS,Socks4
85.102.10.94,4153,HTTP/HTTPS,Socks4
202.131.235.138,4153,HTTP/HTTPS,Socks4
186.211.1.37,60606,HTTP/HTTPS,Socks4
185.87.121.35,8975,HTTP/HTTPS,Socks4
115.127.180.90,5678,HTTP/HTTPS,Socks4
202.51.112.169,5430,HTTP/HTTPS,Socks4
85.143.254.38,1080,HTTP/HTTPS,Socks4
166.62.121.102,45886,HTTP/HTTPS,Socks4
103.18.47.79,4145,HTTP/HTTPS,Socks4
168.245.197.146,80,HTTP/HTTPS,Socks4
95.217.117.168,1080,HTTP/HTTPS,Socks4
80.78.74.8,65530,HTTP/HTTPS,Socks4
76.81.6.107,31008,HTTP/HTTPS,Socks4
93.123.98.80,5678,HTTP/HTTPS,Socks4
103.37.82.134,39873,HTTP/HTTPS,Socks4
185.87.121.5,8975,HTTP/HTTPS,Socks4
94.237.32.211,1080,HTTP/HTTPS,Socks4
187.216.144.170,5678,HTTP/HTTPS,Socks4
185.190.90.2,4145,HTTP/HTTPS,Socks4
103.146.137.253,1081,HTTP/HTTPS,Socks4
47.83.211.225,1011,HTTP/HTTPS,Socks4
199.229.254.129,4145,HTTP/HTTPS,Socks4
78.109.139.51,5678,HTTP/HTTPS,Socks4
202.72.232.121,1080,HTTP/HTTPS,Socks4
103.31.45.203,1080,HTTP/HTTPS,Socks4
206.220.175.2,4145,HTTP/HTTPS,Socks4
89.250.148.158,1080,HTTP/HTTPS,Socks4
85.90.197.62,1080,HTTP/HTTPS,Socks4
132.148.82.125,45605,HTTP/HTTPS,Socks4
190.108.84.168,4145,HTTP/HTTPS,Socks4
192.252.216.86,4145,HTTP/HTTPS,Socks4
202.84.76.190,5678,HTTP/HTTPS,Socks4
41.93.78.218,1088,HTTP/HTTPS,Socks4
36.95.245.81,5678,HTTP/HTTPS,Socks4
103.111.136.82,8199,HTTP/HTTPS,Socks4
109.232.106.150,52435,HTTP/HTTPS,Socks4
181.236.221.138,4145,HTTP/HTTPS,Socks4
208.102.51.6,58208,HTTP/HTTPS,Socks4
103.175.37.34,1080,HTTP/HTTPS,Socks4
103.70.145.139,5678,HTTP/HTTPS,Socks4
192.111.138.29,4145,HTTP/HTTPS,Socks4
142.54.237.38,4145,HTTP/HTTPS,Socks4
185.95.0.197,57032,HTTP/HTTPS,Socks4
94.159.106.252,1080,HTTP/HTTPS,Socks4
47.237.92.86,3128,HTTP/HTTPS,Socks4
190.205.99.186,5678,HTTP/HTTPS,Socks4
212.220.13.98,4153,HTTP/HTTPS,Socks4
192.158.15.201,50877,HTTP/HTTPS,Socks4
110.77.149.227,4153,HTTP/HTTPS,Socks4
109.238.222.1,4153,HTTP/HTTPS,Socks4
46.146.220.180,1080,HTTP/HTTPS,Socks4
193.200.151.69,32777,HTTP/HTTPS,Socks4
138.91.159.185,80,HTTP/HTTPS,elite proxy
174.138.119.88,80,HTTP/HTTPS,anonymous
154.17.224.118,80,HTTP/HTTPS,anonymous
38.54.101.90,80,HTTP/HTTPS,anonymous
34.132.186.77,80,HTTP/HTTPS,elite proxy
172.232.4.168,80,HTTP/HTTPS,elite proxy
23.247.136.254,80,HTTP/HTTPS,anonymous
82.180.132.69,80,HTTP/HTTPS,elite proxy
198.49.68.80,80,HTTP/HTTPS,elite proxy
52.188.28.218,3128,HTTP/HTTPS,anonymous
51.8.61.60,80,HTTP/HTTPS,anonymous
216.229.112.25,8080,HTTP/HTTPS,elite proxy
174.136.204.40,80,HTTP/HTTPS,anonymous
45.59.186.60,80,HTTP/HTTPS,anonymous
50.210.166.34,80,HTTP/HTTPS,elite proxy
5.161.103.41,88,HTTP/HTTPS,elite proxy
50.203.147.152,80,HTTP/HTTPS,anonymous
138.197.68.35,4857,HTTP/HTTPS,anonymous
35.197.89.213,80,HTTP/HTTPS,elite proxy
137.184.14.135,3128,HTTP/HTTPS,anonymous
192.73.244.36,80,HTTP/HTTPS,elite proxy
34.225.220.214,80,HTTP/HTTPS,anonymous
50.203.147.157,80,HTTP/HTTPS,anonymous
50.203.147.159,80,HTTP/HTTPS,anonymous
162.241.207.217,80,HTTP/HTTPS,elite proxy
50.122.86.118,80,HTTP/HTTPS,anonymous
12.50.107.221,80,HTTP/HTTPS,anonymous
12.50.107.222,80,HTTP/HTTPS,anonymous
144.125.164.222,8080,HTTP/HTTPS,anonymous
154.17.228.122,80,HTTP/HTTPS,anonymous
198.199.86.11,80,HTTP/HTTPS,anonymous
209.135.168.41,80,HTTP/HTTPS,anonymous
167.99.124.118,80,HTTP/HTTPS,anonymous
173.249.210.102,80,HTTP/HTTPS,anonymous
172.193.178.226,80,HTTP/HTTPS,elite proxy
34.44.49.215,80,HTTP/HTTPS,anonymous
35.202.49.74,80,HTTP/HTTPS,anonymous
34.135.166.24,80,HTTP/HTTPS,elite proxy
174.138.54.65,80,HTTP/HTTPS,elite proxy
192.151.153.243,80,HTTP/HTTPS,elite proxy
150.136.163.51,80,HTTP/HTTPS,elite proxy
137.184.96.68,80,HTTP/HTTPS,elite proxy
172.172.209.40,3128,HTTP/HTTPS,transparent
167.99.236.14,80,HTTP/HTTPS,elite proxy
185.143.228.128,1080,HTTP/HTTPS,elite proxy
66.111.113.34,80,HTTP/HTTPS,elite proxy
75.84.71.14,80,HTTP/HTTPS,elite proxy
50.203.147.158,80,HTTP/HTTPS,anonymous
15.204.243.210,80,HTTP/HTTPS,anonymous
50.203.147.154,80,HTTP/HTTPS,anonymous
162.240.19.30,80,HTTP/HTTPS,elite proxy
35.209.198.222,80,HTTP/HTTPS,elite proxy
47.251.57.165,1080,HTTP/HTTPS,elite proxy
209.97.150.167,8080,HTTP/HTTPS,anonymous
144.125.164.158,8080,HTTP/HTTPS,anonymous
5.161.155.252,80,HTTP/HTTPS,anonymous
138.68.235.51,80,HTTP/HTTPS,elite proxy
32.223.6.94,80,HTTP/HTTPS,anonymous
34.122.187.196,80,HTTP/HTTPS,elite proxy
144.202.113.89,80,HTTP/HTTPS,anonymous
71.60.160.245,80,HTTP/HTTPS,elite proxy
166.148.173.191,80,HTTP/HTTPS,elite proxy
68.183.143.134,80,HTTP/HTTPS,elite proxy
159.65.221.25,80,HTTP/HTTPS,anonymous
31.57.46.235,80,HTTP/HTTPS,anonymous
216.218.249.28,8181,HTTP/HTTPS,elite proxy
209.126.1.204,3128,HTTP/HTTPS,transparent
129.146.169.173,3128,HTTP/HTTPS,transparent
47.251.74.38,8047,HTTP/HTTPS,elite proxy
167.71.182.192,80,HTTP/HTTPS,elite proxy
143.198.135.176,80,HTTP/HTTPS,elite proxy
12.50.107.217,80,HTTP/HTTPS,anonymous
12.50.107.219,80,HTTP/HTTPS,anonymous
20.81.205.173,80,HTTP/HTTPS,elite proxy
167.253.49.189,8085,HTTP/HTTPS,transparent
193.233.218.89,8085,HTTP/HTTPS,transparent
91.132.198.18,8085,HTTP/HTTPS,transparent
166.88.172.164,8085,HTTP/HTTPS,transparent
67.227.37.99,5641,HTTP/HTTPS,transparent
38.154.49.174,8800,HTTP/HTTPS,transparent
167.253.18.140,8085,HTTP/HTTPS,transparent
136.0.118.247,6619,HTTP/HTTPS,transparent
199.96.166.217,8085,HTTP/HTTPS,transparent
191.101.174.101,6149,HTTP/HTTPS,transparent
193.233.219.103,8085,HTTP/HTTPS,transparent
50.114.14.99,6584,HTTP/HTTPS,transparent
166.88.224.101,5999,HTTP/HTTPS,transparent
23.230.223.130,8085,HTTP/HTTPS,transparent
185.77.223.147,8085,HTTP/HTTPS,transparent
104.167.25.203,3129,HTTP/HTTPS,transparent
65.111.8.130,3129,HTTP/HTTPS,transparent
198.37.106.109,6568,HTTP/HTTPS,transparent
104.207.35.197,3129,HTTP/HTTPS,transparent
194.180.236.237,8085,HTTP/HTTPS,transparent
185.77.220.41,8085,HTTP/HTTPS,transparent
140.235.169.107,8085,HTTP/HTTPS,transparent
198.144.190.38,5885,HTTP/HTTPS,transparent
37.72.141.180,8085,HTTP/HTTPS,transparent
212.18.127.34,8085,HTTP/HTTPS,transparent
194.180.233.189,8085,HTTP/HTTPS,transparent
45.136.25.194,8085,HTTP/HTTPS,transparent
192.200.160.236,80,HTTP/HTTPS,transparent
140.235.0.253,8085,HTTP/HTTPS,transparent
45.41.169.58,6719,HTTP/HTTPS,transparent
67.227.119.11,6340,HTTP/HTTPS,transparent
45.59.161.40,5832,HTTP/HTTPS,transparent
37.72.141.13,8085,HTTP/HTTPS,transparent
45.41.177.74,5724,HTTP/HTTPS,transparent
193.202.16.85,8085,HTTP/HTTPS,transparent
194.180.232.125,8085,HTTP/HTTPS,transparent
45.56.173.64,6047,HTTP/HTTPS,transparent
45.41.178.36,6257,HTTP/HTTPS,transparent
185.77.220.229,8085,HTTP/HTTPS,transparent
194.99.25.103,8085,HTTP/HTTPS,transparent
193.233.218.188,8085,HTTP/HTTPS,transparent
194.180.237.168,8085,HTTP/HTTPS,transparent
193.233.219.101,8085,HTTP/HTTPS,transparent
209.127.127.86,7184,HTTP/HTTPS,transparent
45.3.39.80,3129,HTTP/HTTPS,transparent
194.180.232.179,8085,HTTP/HTTPS,transparent
45.3.39.114,3129,HTTP/HTTPS,transparent
45.147.234.126,8085,HTTP/HTTPS,transparent
104.207.34.235,3129,HTTP/HTTPS,transparent
65.111.6.8,3129,HTTP/HTTPS,transparent
64.49.37.31,8085,HTTP/HTTPS,transparent
196.51.78.108,8800,HTTP/HTTPS,transparent
216.26.237.254,3129,HTTP/HTTPS,transparent
193.56.20.165,8085,HTTP/HTTPS,transparent
209.50.163.63,3129,HTTP/HTTPS,transparent
216.26.227.128,3129,HTTP/HTTPS,transparent
38.154.195.131,9219,HTTP/HTTPS,transparent
194.180.233.141,8085,HTTP/HTTPS,transparent
184.174.24.147,6723,HTTP/HTTPS,transparent
64.49.38.127,8085,HTTP/HTTPS,transparent
184.168.47.41,80,HTTP/HTTPS,transparent
173.214.177.185,5876,HTTP/HTTPS,transparent
104.207.37.247,3129,HTTP/HTTPS,transparent
66.78.32.76,5126,HTTP/HTTPS,transparent
104.207.45.187,3129,HTTP/HTTPS,transparent
159.112.235.17,80,HTTP/HTTPS,transparent
63.141.128.4,80,HTTP/HTTPS,transparent
45.3.39.93,3129,HTTP/HTTPS,transparent
65.111.9.48,3129,HTTP/HTTPS,transparent
91.246.51.82,8085,HTTP/HTTPS,transparent
45.3.32.117,3129,HTTP/HTTPS,transparent
185.77.223.173,8085,HTTP/HTTPS,transparent
216.26.227.180,3129,HTTP/HTTPS,transparent
45.56.175.179,5853,HTTP/HTTPS,transparent
216.26.234.110,3129,HTTP/HTTPS,transparent
65.111.8.200,3129,HTTP/HTTPS,transparent
91.247.163.51,8085,HTTP/HTTPS,transparent
45.3.35.173,3129,HTTP/HTTPS,transparent
170.114.45.239,80,HTTP/HTTPS,transparent
45.41.178.66,6287,HTTP/HTTPS,transparent
136.0.126.88,5849,HTTP/HTTPS,transparent
31.59.18.55,6636,HTTP/HTTPS,transparent
91.132.198.51,8085,HTTP/HTTPS,transparent
38.154.49.191,8800,HTTP/HTTPS,transparent
38.154.123.124,8800,HTTP/HTTPS,transparent
216.74.115.100,6694,HTTP/HTTPS,transparent
50.114.15.27,6012,HTTP/HTTPS,transparent
209.50.166.155,3129,HTTP/HTTPS,transparent
209.50.169.225,3129,HTTP/HTTPS,transparent
23.236.247.15,8047,HTTP/HTTPS,transparent
142.147.129.92,5701,HTTP/HTTPS,transparent
194.180.236.82,8085,HTTP/HTTPS,transparent
23.26.94.60,6042,HTTP/HTTPS,transparent
69.84.182.49,80,HTTP/HTTPS,transparent
31.58.10.22,5990,HTTP/HTTPS,transparent
31.58.16.200,6167,HTTP/HTTPS,transparent
193.202.16.149,8085,HTTP/HTTPS,transparent
45.3.49.207,3129,HTTP/HTTPS,transparent
209.50.169.60,3129,HTTP/HTTPS,transparent
209.50.169.187,3129,HTTP/HTTPS,transparent
142.111.48.71,6848,HTTP/HTTPS,transparent
65.111.15.23,3129,HTTP/HTTPS,transparent
159.112.235.150,80,HTTP/HTTPS,transparent
45.136.27.57,8085,HTTP/HTTPS,transparent
193.233.217.34,8085,HTTP/HTTPS,transparent
45.147.232.122,8085,HTTP/HTTPS,transparent
94.154.113.198,8085,HTTP/HTTPS,transparent
148.135.151.150,5643,HTTP/HTTPS,transparent
37.72.141.192,8085,HTTP/HTTPS,transparent
192.200.160.140,80,HTTP/HTTPS,transparent
45.3.36.174,3129,HTTP/HTTPS,transparent
45.61.124.22,6351,HTTP/HTTPS,transparent
193.56.20.32,8085,HTTP/HTTPS,transparent
65.111.15.93,3129,HTTP/HTTPS,transparent
82.23.206.49,5855,HTTP/HTTPS,transparent
192.200.160.135,80,HTTP/HTTPS,transparent
38.154.123.33,8800,HTTP/HTTPS,transparent
66.81.247.186,80,HTTP/HTTPS,transparent
104.207.43.138,3129,HTTP/HTTPS,transparent
166.88.235.82,5710,HTTP/HTTPS,transparent
50.114.8.198,7183,HTTP/HTTPS,transparent
65.111.1.131,3129,HTTP/HTTPS,transparent
206.206.69.193,6457,HTTP/HTTPS,transparent
199.96.167.183,8085,HTTP/HTTPS,transparent
166.88.195.185,5817,HTTP/HTTPS,transparent
167.253.49.48,8085,HTTP/HTTPS,transparent
78.129.253.149,80,HTTP/HTTPS,anonymous
78.129.253.152,80,HTTP/HTTPS,anonymous
176.98.40.209,80,HTTP/HTTPS,anonymous
139.162.200.213,80,HTTP/HTTPS,anonymous
78.129.253.148,80,HTTP/HTTPS,anonymous
38.60.196.214,80,HTTP/HTTPS,anonymous
134.209.29.120,80,HTTP/HTTPS,anonymous
165.232.97.74,80,HTTP/HTTPS,elite proxy
139.162.236.244,80,HTTP/HTTPS,elite proxy
78.129.253.151,80,HTTP/HTTPS,anonymous
162.220.246.190,6474,HTTP/HTTPS,transparent
45.43.81.196,5843,HTTP/HTTPS,transparent
31.59.20.253,6831,HTTP/HTTPS,transparent
89.43.133.165,8080,HTTP/HTTPS,transparent
217.69.121.182,5847,HTTP/HTTPS,transparent
45.43.81.253,5900,HTTP/HTTPS,transparent
198.105.111.188,6866,HTTP/HTTPS,transparent
94.154.127.67,8085,HTTP/HTTPS,transparent
162.220.246.176,6460,HTTP/HTTPS,transparent
155.254.38.107,5783,HTTP/HTTPS,transparent
107.181.154.155,5833,HTTP/HTTPS,transparent
185.170.166.101,80,HTTP/HTTPS,transparent
146.103.56.128,5676,HTTP/HTTPS,transparent
145.223.46.243,5793,HTTP/HTTPS,transparent
217.69.121.3,5668,HTTP/HTTPS,transparent
31.58.18.26,6295,HTTP/HTTPS,transparent
104.143.224.42,5903,HTTP/HTTPS,transparent
45.43.81.195,5842,HTTP/HTTPS,transparent
145.223.46.153,5703,HTTP/HTTPS,transparent
185.226.204.134,5687,HTTP/HTTPS,transparent
94.154.127.110,8085,HTTP/HTTPS,transparent
91.193.59.252,80,HTTP/HTTPS,transparent
198.105.111.144,6822,HTTP/HTTPS,transparent
45.135.139.248,6551,HTTP/HTTPS,transparent
104.143.224.159,6020,HTTP/HTTPS,transparent
45.43.64.104,6362,HTTP/HTTPS,transparent
185.226.204.118,5671,HTTP/HTTPS,transparent
107.181.154.242,5920,HTTP/HTTPS,transparent
146.103.56.65,5613,HTTP/HTTPS,transparent
45.43.70.22,6309,HTTP/HTTPS,transparent
45.43.64.169,6427,HTTP/HTTPS,transparent
185.226.204.110,5663,HTTP/HTTPS,transparent
45.43.64.186,6444,HTTP/HTTPS,transparent
107.181.148.80,5940,HTTP/HTTPS,transparent
45.43.70.148,6435,HTTP/HTTPS,transparent
65.111.23.253,3129,HTTP/HTTPS,transparent
185.226.204.69,5622,HTTP/HTTPS,transparent
162.220.247.169,6764,HTTP/HTTPS,transparent
185.226.207.90,5639,HTTP/HTTPS,transparent
31.58.18.207,6476,HTTP/HTTPS,transparent
198.105.111.8,6686,HTTP/HTTPS,transparent
145.223.46.195,5745,HTTP/HTTPS,transparent
198.105.100.113,6364,HTTP/HTTPS,transparent
146.103.56.228,5776,HTTP/HTTPS,transparent
31.59.33.16,6592,HTTP/HTTPS,transparent
217.69.121.7,5672,HTTP/HTTPS,transparent
198.105.122.61,6634,HTTP/HTTPS,transparent
198.105.122.188,6761,HTTP/HTTPS,transparent
104.143.226.218,5821,HTTP/HTTPS,transparent
155.254.38.121,5797,HTTP/HTTPS,transparent
146.103.3.3,7056,HTTP/HTTPS,transparent
45.3.54.166,3129,HTTP/HTTPS,transparent
198.105.111.234,6912,HTTP/HTTPS,transparent
107.181.154.247,5925,HTTP/HTTPS,transparent
31.58.18.5,6274,HTTP/HTTPS,transparent
185.226.204.173,5726,HTTP/HTTPS,transparent
107.181.154.203,5881,HTTP/HTTPS,transparent
145.223.46.144,5694,HTTP/HTTPS,transparent
209.50.180.127,3129,HTTP/HTTPS,transparent
162.220.247.243,6838,HTTP/HTTPS,transparent
185.226.204.165,5718,HTTP/HTTPS,transparent
31.59.20.33,6611,HTTP/HTTPS,transparent
216.26.244.54,3129,HTTP/HTTPS,transparent
216.26.243.236,3129,HTTP/HTTPS,transparent
216.26.244.172,3129,HTTP/HTTPS,transparent
45.43.81.94,5741,HTTP/HTTPS,transparent
162.220.247.4,6599,HTTP/HTTPS,transparent
162.220.247.242,6837,HTTP/HTTPS,transparent
45.3.54.33,3129,HTTP/HTTPS,transparent
198.105.100.149,6400,HTTP/HTTPS,transparent
45.135.139.146,6449,HTTP/HTTPS,transparent
65.111.23.162,3129,HTTP/HTTPS,transparent
198.105.100.104,6355,HTTP/HTTPS,transparent
155.254.38.175,5851,HTTP/HTTPS,transparent
185.226.207.4,5553,HTTP/HTTPS,transparent
104.143.226.165,5768,HTTP/HTTPS,transparent
198.105.122.87,6660,HTTP/HTTPS,transparent
45.43.64.35,6293,HTTP/HTTPS,transparent
145.223.46.223,5773,HTTP/HTTPS,transparent
104.143.224.71,5932,HTTP/HTTPS,transparent
31.58.18.198,6467,HTTP/HTTPS,transparent
162.220.246.139,6423,HTTP/HTTPS,transparent
198.105.100.65,6316,HTTP/HTTPS,transparent
185.226.204.229,5782,HTTP/HTTPS,transparent
185.226.207.228,5777,HTTP/HTTPS,transparent
104.143.224.247,6108,HTTP/HTTPS,transparent
146.103.56.230,5778,HTTP/HTTPS,transparent
162.220.246.74,6358,HTTP/HTTPS,transparent
198.105.122.254,6827,HTTP/HTTPS,transparent
155.254.38.20,5696,HTTP/HTTPS,transparent
185.143.228.128,1080,HTTP/HTTPS,elite proxy
103.148.192.189,3128,HTTP/HTTPS,anonymous
45.204.208.22,60002,HTTP/HTTPS,elite proxy
210.87.125.146,8090,HTTP/HTTPS,anonymous
52.188.28.218,3128,HTTP/HTTPS,anonymous
194.87.77.22,80,HTTP/HTTPS,elite proxy
216.229.112.25,8080,HTTP/HTTPS,elite proxy
47.251.57.165,1080,HTTP/HTTPS,elite proxy
211.230.49.122,3128,HTTP/HTTPS,anonymous
206.189.88.243,8080,HTTP/HTTPS,anonymous
157.230.253.164,8080,HTTP/HTTPS,anonymous
212.2.248.245,3128,HTTP/HTTPS,anonymous
144.125.164.158,8080,HTTP/HTTPS,anonymous
14.228.106.39,8080,HTTP/HTTPS,elite proxy
103.35.188.243,3128,HTTP/HTTPS,elite proxy
113.164.135.164,8080,HTTP/HTTPS,elite proxy
129.150.39.251,8000,HTTP/HTTPS,elite proxy
72.10.160.170,13701,HTTP/HTTPS,elite proxy
67.43.236.22,29797,HTTP/HTTPS,elite proxy
72.10.160.90,12297,HTTP/HTTPS,elite proxy
72.10.160.94,16485,HTTP/HTTPS,elite proxy
67.43.228.253,1551,HTTP/HTTPS,elite proxy
195.158.8.123,3128,HTTP/HTTPS,elite proxy
45.166.93.113,999,HTTP/HTTPS,elite proxy
176.126.103.194,44214,HTTP/HTTPS,elite proxy
18.202.158.161,80,HTTP/HTTPS,anonymous
150.107.140.238,3128,HTTP/HTTPS,anonymous
78.12.220.164,32090,HTTP/HTTPS,elite proxy
52.202.30.36,80,HTTP/HTTPS,anonymous
62.60.151.128,80,HTTP/HTTPS,elite proxy
137.184.14.135,3128,HTTP/HTTPS,anonymous
144.125.164.222,8080,HTTP/HTTPS,anonymous
200.174.198.32,8888,HTTP/HTTPS,anonymous
116.203.139.209,3128,HTTP/HTTPS,elite proxy
43.102.204.51,8080,HTTP/HTTPS,elite proxy
72.10.164.178,2493,HTTP/HTTPS,elite proxy
35.180.127.14,1001,HTTP/HTTPS,elite proxy
185.248.101.52,60005,HTTP/HTTPS,anonymous
72.10.160.91,13103,HTTP/HTTPS,anonymous
104.248.151.64,8080,HTTP/HTTPS,anonymous
210.223.44.230,3128,HTTP/HTTPS,anonymous
216.218.249.27,8181,HTTP/HTTPS,elite proxy
65.108.203.35,18080,HTTP/HTTPS,elite proxy
62.113.119.14,8080,HTTP/HTTPS,elite proxy
154.0.14.116,3128,HTTP/HTTPS,anonymous
82.115.24.134,9090,HTTP/HTTPS,anonymous
67.43.236.20,1691,HTTP/HTTPS,elite proxy
34.234.201.164,80,HTTP/HTTPS,anonymous
118.145.198.145,10809,HTTP/HTTPS,anonymous
91.213.99.134,3128,HTTP/HTTPS,elite proxy
144.124.227.90,10808,HTTP/HTTPS,anonymous
169.239.181.213,8888,HTTP/HTTPS,anonymous
83.171.252.150,8080,HTTP/HTTPS,elite proxy
212.2.250.20,3128,HTTP/HTTPS,anonymous
60.249.94.59,3128,HTTP/HTTPS,anonymous
212.2.254.246,3128,HTTP/HTTPS,anonymous
104.206.98.154,3128,HTTP/HTTPS,elite proxy
67.43.236.18,25943,HTTP/HTTPS,elite proxy
195.234.68.34,3128,HTTP/HTTPS,elite proxy
72.10.160.172,13391,HTTP/HTTPS,elite proxy
67.43.236.21,22469,HTTP/HTTPS,elite proxy
110.41.83.41,8790,HTTP/HTTPS,anonymous
36.213.26.49,7897,HTTP/HTTPS,anonymous
100.27.183.62,8080,HTTP/HTTPS,anonymous
207.254.71.62,8088,HTTP/HTTPS,anonymous
72.10.160.171,25085,HTTP/HTTPS,elite proxy
8.243.68.11,8080,HTTP/HTTPS,anonymous
91.98.161.148,9191,HTTP/HTTPS,elite proxy
157.180.52.134,60001,HTTP/HTTPS,anonymous
162.243.149.86,31028,HTTP/HTTPS,elite proxy
72.10.160.93,1209,HTTP/HTTPS,elite proxy
72.10.160.173,1225,HTTP/HTTPS,elite proxy
217.76.55.8,8888,HTTP/HTTPS,anonymous
47.79.94.191,1122,HTTP/HTTPS,elite proxy
173.208.162.142,40001,HTTP/HTTPS,anonymous
78.13.218.250,3128,HTTP/HTTPS,anonymous
34.39.246.220,3128,HTTP/HTTPS,elite proxy
193.227.240.147,1080,HTTP/HTTPS,elite proxy
45.123.142.77,8181,HTTP/HTTPS,anonymous
139.159.97.42,9798,HTTP/HTTPS,anonymous
146.190.106.32,8080,HTTP/HTTPS,anonymous
119.214.232.23,1080,HTTP/HTTPS,elite proxy
67.43.228.251,30199,HTTP/HTTPS,elite proxy
172.211.197.17,8080,HTTP/HTTPS,anonymous
52.233.203.63,3128,HTTP/HTTPS,anonymous
102.219.231.22,8080,HTTP/HTTPS,elite proxy
167.71.8.215,3128,HTTP/HTTPS,elite proxy
115.127.179.86,2026,HTTP/HTTPS,elite proxy
183.98.143.134,8080,HTTP/HTTPS,elite proxy
103.255.66.109,8080,HTTP/HTTPS,anonymous
45.117.63.190,8080,HTTP/HTTPS,anonymous
103.172.42.121,8086,HTTP/HTTPS,anonymous
31.145.149.75,9090,HTTP/HTTPS,anonymous
58.147.186.226,8097,HTTP/HTTPS,anonymous
20.27.219.85,8080,HTTP/HTTPS,anonymous
209.14.98.6,8080,HTTP/HTTPS,anonymous
47.91.104.88,3128,HTTP/HTTPS,anonymous
47.91.65.23,3128,HTTP/HTTPS,anonymous
200.85.232.91,3128,HTTP/HTTPS,anonymous
8.213.151.128,3128,HTTP/HTTPS,anonymous
127.0.0.7,80,HTTP/HTTPS,anonymous
0.0.0.0,80,HTTP/HTTPS,anonymous
5.75.200.75,80,HTTP/HTTPS,anonymous
85.220.141.220,80,HTTP/HTTPS,anonymous
200.174.198.32,8888,HTTP/HTTPS,anonymous
212.114.194.74,80,HTTP/HTTPS,anonymous
157.175.169.150,80,HTTP/HTTPS,elite proxy
12.50.107.219,80,HTTP/HTTPS,anonymous
95.216.49.153,80,HTTP/HTTPS,anonymous
95.179.242.209,80,HTTP/HTTPS,anonymous
94.182.177.92,80,HTTP/HTTPS,anonymous
34.44.49.215,80,HTTP/HTTPS,anonymous
216.229.112.25,8080,HTTP/HTTPS,elite proxy
102.223.9.53,80,HTTP/HTTPS,anonymous
103.125.31.222,80,HTTP/HTTPS,anonymous
45.80.215.245,80,HTTP/HTTPS,anonymous
172.193.178.226,80,HTTP/HTTPS,elite proxy
213.143.113.82,80,HTTP/HTTPS,anonymous
47.251.57.165,1080,HTTP/HTTPS,elite proxy
41.191.203.161,80,HTTP/HTTPS,anonymous
46.101.252.5,80,HTTP/HTTPS,anonymous
62.60.195.94,80,HTTP/HTTPS,anonymous
47.74.157.194,80,HTTP/HTTPS,anonymous
58.152.58.208,80,HTTP/HTTPS,anonymous
109.236.88.82,80,HTTP/HTTPS,anonymous
78.129.253.151,80,HTTP/HTTPS,anonymous
212.114.194.78,80,HTTP/HTTPS,anonymous
8.212.177.126,8080,HTTP/HTTPS,anonymous
94.184.25.4,80,HTTP/HTTPS,anonymous
197.221.249.196,80,HTTP/HTTPS,anonymous
198.111.166.184,80,HTTP/HTTPS,elite proxy
34.146.60.198,80,HTTP/HTTPS,elite proxy
189.133.68.236,80,HTTP/HTTPS,elite proxy
117.54.114.100,80,HTTP/HTTPS,anonymous
147.75.34.105,443,HTTP/HTTPS,elite proxy
124.108.6.20,8085,HTTP/HTTPS,anonymous
194.158.203.14,80,HTTP/HTTPS,anonymous
198.49.68.80,80,HTTP/HTTPS,elite proxy
194.150.110.134,80,HTTP/HTTPS,anonymous
192.73.244.36,80,HTTP/HTTPS,elite proxy
103.35.188.243,3128,HTTP/HTTPS,elite proxy
113.164.135.164,8080,HTTP/HTTPS,elite proxy
146.56.117.33,1080,HTTP/HTTPS,elite proxy
150.136.163.51,80,HTTP/HTTPS,elite proxy
209.135.168.41,80,HTTP/HTTPS,anonymous
156.146.56.232,8081,HTTP/HTTPS,anonymous
182.53.202.208,8080,HTTP/HTTPS,anonymous
176.61.151.123,80,HTTP/HTTPS,elite proxy
38.54.101.90,80,HTTP/HTTPS,anonymous
154.205.147.214,80,HTTP/HTTPS,anonymous
188.245.218.56,80,HTTP/HTTPS,anonymous
157.180.118.86,80,HTTP/HTTPS,anonymous
185.88.177.40,80,HTTP/HTTPS,anonymous
46.62.254.141,80,HTTP/HTTPS,anonymous
91.99.181.245,80,HTTP/HTTPS,anonymous
154.17.224.118,80,HTTP/HTTPS,anonymous
46.161.6.165,8080,HTTP/HTTPS,elite proxy
196.1.93.10,80,HTTP/HTTPS,elite proxy
41.191.203.163,80,HTTP/HTTPS,anonymous
43.102.204.46,8080,HTTP/HTTPS,elite proxy
97.74.87.226,80,HTTP/HTTPS,anonymous
176.126.103.194,44214,HTTP/HTTPS,elite proxy
35.202.49.74,80,HTTP/HTTPS,anonymous
45.59.186.60,80,HTTP/HTTPS,anonymous
144.125.164.222,8080,HTTP/HTTPS,anonymous
5.45.126.128,8080,HTTP/HTTPS,anonymous
174.136.204.40,80,HTTP/HTTPS,anonymous
202.83.30.96,80,HTTP/HTTPS,anonymous
27.34.242.98,80,HTTP/HTTPS,anonymous
41.220.16.209,80,HTTP/HTTPS,anonymous
91.109.204.213,80,HTTP/HTTPS,anonymous
219.65.73.81,80,HTTP/HTTPS,anonymous
62.99.138.162,80,HTTP/HTTPS,anonymous
5.75.198.72,80,HTTP/HTTPS,anonymous
51.8.61.60,80,HTTP/HTTPS,anonymous
176.126.164.213,80,HTTP/HTTPS,anonymous
77.42.31.147,80,HTTP/HTTPS,anonymous
195.181.173.65,80,HTTP/HTTPS,anonymous
78.157.58.254,80,HTTP/HTTPS,anonymous
173.249.210.102,80,HTTP/HTTPS,anonymous
200.33.20.25,80,HTTP/HTTPS,elite proxy
87.95.146.131,80,HTTP/HTTPS,elite proxy
52.188.28.218,3128,HTTP/HTTPS,anonymous
139.162.78.109,8080,HTTP/HTTPS,anonymous
156.146.56.241,8081,HTTP/HTTPS,anonymous
109.173.80.93,80,HTTP/HTTPS,anonymous
35.197.89.213,80,HTTP/HTTPS,elite proxy
103.87.149.14,80,HTTP/HTTPS,elite proxy
154.65.39.7,80,HTTP/HTTPS,elite proxy
150.107.140.238,3128,HTTP/HTTPS,anonymous
103.253.43.144,80,HTTP/HTTPS,anonymous
219.93.101.62,80,HTTP/HTTPS,anonymous
5.161.155.252,80,HTTP/HTTPS,anonymous
72.10.160.93,1209,HTTP/HTTPS,anonymous
38.60.196.214,80,HTTP/HTTPS,anonymous
89.116.88.19,80,HTTP/HTTPS,anonymous
156.246.90.81,80,HTTP/HTTPS,anonymous
174.138.119.88,80,HTTP/HTTPS,anonymous
156.146.56.231,8081,HTTP/HTTPS,anonymous
72.10.160.94,16485,HTTP/HTTPS,elite proxy
185.176.26.161,80,http,Kazakhstan
104.16.0.109,80,http,Canada
104.17.201.239,80,http,Canada
172.67.201.106,80,http,Canada
170.114.46.58,80,http,United States of America
172.67.133.5,80,http,Canada
141.193.213.84,80,http,United States of America
185.193.31.36,80,http,United Kingdom of Great Britain and Northern Ireland
154.92.9.141,80,http,Cyprus
172.67.167.16,80,http,Canada
104.17.39.123,80,http,Canada
199.34.229.38,80,http,United States of America
172.67.166.251,80,http,Canada
104.19.136.219,80,http,Canada
185.193.31.230,80,http,United Kingdom of Great Britain and Northern Ireland
172.64.32.96,80,http,Canada
45.80.111.41,80,http,Germany
104.16.194.171,80,http,Canada
172.67.177.209,80,http,Canada
141.193.213.9,80,http,United States of America
206.238.236.241,80,http,Singapore
45.131.5.78,80,http,Belize
130.250.137.20,80,http,United States of America
172.67.140.91,80,http,Canada
206.238.238.157,80,http,Singapore
185.148.106.53,80,http,Russian Federation
23.227.38.138,80,http,Canada
62.72.166.152,80,http,Curaçao
5.10.246.22,80,http,Curaçao
185.162.231.148,80,http,United Kingdom of Great Britain and Northern Ireland
45.12.31.104,80,http,United Kingdom of Great Britain and Northern Ireland
104.21.30.52,80,http,Canada
185.176.26.42,80,http,Kazakhstan
104.19.42.139,80,http,Canada
5.180.172.130,80,http,Finland
185.148.106.119,80,http,Russian Federation
104.16.1.177,80,http,Canada
172.67.168.35,80,http,Canada
172.67.127.38,80,http,Canada
104.21.108.25,80,http,Canada
104.21.82.34,80,http,Canada
45.131.211.1,80,http,Belize
45.131.4.253,80,http,"Iran, Islamic Republic of"
154.194.0.230,80,http,Netherlands
104.21.25.20,80,http,Canada
170.114.46.100,80,http,United States of America
5.10.244.4,80,http,Curaçao
45.80.111.206,80,http,Germany
194.152.44.28,80,http,Ukraine
45.80.108.109,80,http,Estonia
104.17.173.232,80,http,Canada
31.43.179.57,80,http,Kazakhstan
206.238.239.193,80,http,Singapore
205.233.181.63,80,http,United States of America
141.193.213.107,80,http,United States of America
104.21.68.7,80,http,Canada
104.16.203.75,80,http,Canada
69.84.182.121,80,http,United States of America
45.8.211.156,80,http,Singapore
104.17.255.228,80,http,Canada
104.16.1.176,80,http,Canada
185.162.228.108,80,http,United Kingdom of Great Britain and Northern Ireland
45.12.30.13,80,http,United Kingdom of Great Britain and Northern Ireland
188.42.89.104,80,http,Netherlands
156.225.72.118,80,http,United States of America
172.67.167.162,80,http,Canada
185.162.229.210,80,http,United Kingdom of Great Britain and Northern Ireland
185.18.250.202,80,http,Spain
62.72.166.14,80,http,Curaçao
185.176.24.86,80,http,Netherlands
80.78.75.80,8080,http,Albania
45.131.4.238,80,http,"Iran, Islamic Republic of"
46.254.92.33,80,http,Indonesia
23.227.39.159,80,http,Canada
195.245.221.139,80,http,Kazakhstan
104.17.0.220,80,http,Canada
104.19.96.26,80,http,Canada
104.18.23.93,80,http,Canada
181.78.198.7,8080,http,Ecuador
173.245.49.86,80,http,Canada
5.10.247.74,80,http,Curaçao
172.64.149.73,80,http,Canada
104.16.105.198,80,http,Canada
45.67.215.168,80,http,Russian Federation
194.36.55.223,80,http,United Kingdom of Great Britain and Northern Ireland
172.67.70.56,80,http,Canada
172.67.165.59,80,http,Canada
206.238.239.239,80,http,Singapore
108.162.193.165,80,http,Canada
104.18.12.170,80,http,Canada
45.80.110.109,80,http,Estonia
104.21.75.183,80,http,Canada
185.193.28.61,80,http,Poland
206.238.238.85,80,http,Singapore
188.42.88.158,80,http,Netherlands
160.153.1.237,80,http,United States of America
154.197.75.246,80,http,Germany
45.131.211.255,80,http,Belize
160.153.0.253,80,http,United States of America
104.18.255.123,80,http,Canada
104.21.31.75,80,http,Canada
104.27.8.101,80,http,Canada
104.16.2.46,80,http,Canada
23.227.39.228,80,http,Canada
104.27.193.9,80,http,Canada
104.18.11.9,80,http,Canada
104.21.224.107,80,http,Canada
104.19.152.99,80,http,United States of America
5.10.247.21,80,http,Curaçao
154.194.12.13,80,http,Singapore
194.36.55.81,80,http,United Kingdom of Great Britain and Northern Ireland
185.162.230.53,80,http,United Kingdom of Great Britain and Northern Ireland
103.59.203.189,4145,socks4,India
85.198.151.178,1080,socks4,Ukraine
113.53.61.25,8080,socks4,Thailand
164.90.194.84,3128,socks4,Netherlands
212.200.149.242,5678,socks4,Serbia
171.247.240.103,1080,socks4,Viet Nam
117.93.115.31,28643,socks4,China
45.196.150.46,5432,socks4,Bosnia and Herzegovina
138.2.10.149,45638,socks4,Japan
103.95.97.186,31244,socks4,Bangladesh
186.224.225.26,42648,socks4,Brazil
170.246.85.106,37163,socks4,Ecuador
67.205.149.230,3128,socks4,United States of America
217.150.58.185,1080,socks4,Russian Federation
177.36.185.182,5678,socks4,Brazil
177.93.77.10,4153,socks4,Brazil
178.253.208.146,1080,socks4,Serbia
167.86.74.155,21966,socks4,Germany
168.138.174.23,10001,socks4,Singapore
177.155.130.97,5678,socks4,Brazil
80.73.87.202,4153,socks4,Russian Federation
185.79.243.153,38431,socks4,Poland
136.226.65.110,10160,socks4,United States of America
8.218.44.89,1024,socks4,Hong Kong
91.229.23.206,35965,socks4,Netherlands
187.16.255.69,4153,socks4,Brazil
176.97.80.48,5678,socks4,Poland
5.39.69.35,44775,socks4,France
179.107.50.108,4153,socks4,Brazil
176.98.248.2,4153,socks4,Czechia
185.183.33.108,31957,socks4,Netherlands
122.154.71.65,1080,socks4,Thailand
45.128.133.209,1080,socks4,Belgium
164.90.160.201,3128,socks4,Germany
109.238.222.1,4153,socks4,Czechia
51.161.7.140,80,socks4,Canada
94.198.218.62,8080,socks4,Russian Federation
190.92.159.203,34564,socks4,United States of America
89.252.189.211,59030,socks4,Türkiye
162.240.231.211,49067,socks4,United States of America
45.132.103.14,42864,socks4,Hungary
41.215.122.65,8080,socks4,Kenya
85.236.158.182,31152,socks4,France
103.18.78.54,30913,socks4,Indonesia
177.107.32.149,4153,socks4,Brazil
148.251.1.210,30169,socks4,Germany
112.26.81.142,9091,socks4,China
95.217.187.170,47102,socks4,Finland
110.78.149.221,4145,socks4,Thailand
160.191.17.64,8888,socks4,Viet Nam
50.63.26.13,53887,socks4,United States of America
178.171.106.50,5433,socks4,France
182.253.172.65,4153,socks4,Indonesia
202.159.19.213,443,socks4,Indonesia
36.64.238.82,1080,socks4,Indonesia
89.161.88.25,5678,socks4,Poland
186.224.225.30,42648,socks4,Brazil
149.56.7.204,80,socks4,Canada
186.46.166.50,5678,socks4,Ecuador
103.245.109.131,1088,socks4,Bangladesh
95.216.221.140,19327,socks4,Finland
103.120.133.141,5678,socks4,Cambodia
223.25.98.84,5678,socks4,Indonesia
103.17.90.6,5678,socks4,Viet Nam
74.208.47.168,41786,socks4,United States of America
118.173.73.118,4145,socks4,Thailand
192.169.249.16,8362,socks4,United States of America
144.24.197.123,20732,socks4,France
118.174.232.4,50660,socks4,Thailand
103.134.180.241,4153,socks4,India
162.240.239.103,31451,socks4,United States of America
45.76.182.145,15560,socks4,Singapore
181.5.214.192,1080,socks4,Argentina
184.178.172.13,15311,socks4,United States of America
110.93.231.73,5678,socks4,Pakistan
31.206.38.40,15924,socks4,Türkiye
136.226.61.31,10230,socks4,United States of America
190.0.22.35,61155,socks4,Colombia
178.63.84.228,63158,socks4,Germany
14.225.42.208,6666,socks4,Viet Nam
211.128.96.206,8037,socks4,Japan
171.5.133.231,4153,socks4,Thailand
13.95.107.107,80,socks4,Netherlands
45.249.101.1,56457,socks4,Bangladesh
46.38.230.49,37873,socks4,Germany
201.184.40.210,5678,socks4,Colombia
82.114.118.142,1256,socks4,Russian Federation
197.234.13.78,4145,socks4,Seychelles
111.231.33.29,1080,socks4,China
51.83.190.248,19050,socks4,Poland
62.112.10.227,30105,socks4,Netherlands
115.76.204.11,24698,socks4,Viet Nam
171.97.107.168,4145,socks4,Thailand
185.138.123.78,61896,socks4,Iraq
89.38.98.186,11657,socks4,Netherlands
8.219.167.110,8989,socks4,Singapore
103.88.238.97,84,socks4,India
105.214.84.196,5678,socks4,South Africa
45.76.244.70,80,socks4,United States of America
213.233.161.245,4153,socks4,"Iran, Islamic Republic of"
206.189.107.98,9160,socks4,Netherlands
92.205.105.134,20046,socks4,France
216.73.159.18,13201,socks4,Chile
51.68.87.73,45177,socks4,France
140.250.144.18,1080,socks4,China
163.172.171.22,16379,socks4,France
14.202.251.202,8888,socks4,Australia
70.184.181.203,48678,socks4,United States of America
62.112.8.67,20493,socks4,Netherlands
197.234.13.93,4145,socks4,Seychelles
104.129.205.94,54321,socks4,United States of America
103.81.117.225,4153,socks4,India
100.42.112.23,3128,socks4,Switzerland
27.75.154.105,1080,socks4,Viet Nam
194.44.193.135,5678,socks4,Ukraine
162.240.22.169,30097,socks4,United States of America
197.255.253.33,5678,socks4,Nigeria
111.72.197.161,2324,socks4,China
202.21.102.68,5678,socks4,Mongolia
166.62.89.186,61992,socks4,United States of America
91.142.73.226,11403,socks4,Russian Federation
103.234.254.165,80,socks4,Indonesia
174.141.233.168,1287,socks4,Canada
203.30.190.46,80,socks4,Belize
143.198.229.56,63794,socks4,United States of America
45.40.136.39,45741,socks4,United States of America
103.248.14.178,30058,socks4,Bangladesh
138.68.132.217,3128,socks4,United Kingdom of Great Britain and Northern Ireland
5.180.45.235,80,socks4,Türkiye
67.204.3.1,13135,socks4,United States of America
181.88.73.182,5678,socks4,Argentina
197.234.13.17,4145,socks4,Seychelles
149.62.244.29,4153,socks4,Bulgaria
142.93.153.53,40348,socks4,Canada
46.141.74.126,1080,socks4,Italy
43.153.170.206,13220,socks4,Japan
194.61.1.132,1080,socks4,United Arab Emirates
222.129.35.173,57114,socks4,China
179.108.181.73,4153,socks4,Brazil
193.106.57.96,5678,socks4,Ukraine
173.88.141.173,22921,socks4,United States of America
1.20.169.169,4145,socks4,Thailand
203.160.61.101,4145,socks4,Indonesia
154.17.34.158,6687,socks4,United States of America
103.112.162.241,5678,socks4,Indonesia
109.75.46.23,31550,socks4,Armenia
82.15.246.119,443,socks4,United Kingdom of Great Britain and Northern Ireland
118.172.128.50,4145,socks4,Thailand
45.56.102.153,10120,socks4,United States of America
176.214.78.230,5678,socks4,Russian Federation
5.196.124.208,58588,socks4,France
103.105.40.241,4145,socks4,India
185.138.165.45,92,socks4,Netherlands
178.128.84.253,9050,socks4,Singapore
183.235.252.241,8000,socks4,China
103.140.205.133,1080,socks4,Bangladesh
222.173.150.158,7302,socks4,China
41.223.233.94,3629,socks4,Burkina Faso
79.101.45.94,56921,socks4,Serbia
203.80.190.162,8080,socks4,Bangladesh
115.160.160.38,3128,socks4,Hong Kong
195.209.188.101,58543,socks4,Russian Federation
162.214.162.156,41198,socks4,United States of America
177.12.176.250,4153,socks4,Brazil
89.38.99.209,11874,socks4,Netherlands
154.113.86.193,5678,socks4,Nigeria
89.237.32.65,51549,socks4,Russian Federation
103.214.156.254,5678,socks4,Bangladesh
203.96.177.211,33382,socks4,Australia
171.239.25.129,3920,socks4,Viet Nam
121.166.15.197,80,socks4,"Korea, Republic of"
203.24.103.50,80,socks4,"Virgin Islands, British"
46.183.124.129,53551,socks4,Albania
81.12.104.36,3629,socks4,"Iran, Islamic Republic of"
103.70.159.128,5678,socks4,India
171.227.169.111,4004,socks4,Viet Nam
94.181.33.149,40840,socks4,Russian Federation
103.51.47.9,4145,socks4,Indonesia
5.22.209.238,443,socks4,Netherlands
194.233.73.107,443,socks4,Singapore
191.240.28.9,8080,socks4,Brazil
109.69.0.14,8741,socks4,Albania
131.0.246.113,4153,socks4,Brazil
182.93.84.43,5678,socks4,Nepal
91.200.114.58,55749,socks4,Ukraine
14.116.251.74,3128,socks4,China
147.161.200.244,9480,socks4,Japan
177.10.81.32,4145,socks4,Brazil
5.9.147.197,30000,socks4,Germany
107.173.18.71,3128,socks4,United States of America
87.246.33.111,8080,socks4,Bulgaria
178.132.5.26,16937,socks4,Netherlands
95.217.144.183,44965,socks4,Finland
43.230.196.98,48200,socks4,India
162.243.140.82,38975,socks4,United States of America
185.226.113.180,38030,socks4,Ukraine
103.194.89.173,9898,socks4,India
103.59.203.133,4145,socks4,India
134.236.16.125,8080,socks4,Thailand
45.138.69.33,20000,socks4,Canada
82.137.245.31,5678,socks4,Syrian Arab Republic
171.254.218.17,1080,socks4,Viet Nam
182.253.159.166,5678,socks4,Indonesia
165.225.216.80,10605,socks4,United States of America
201.48.62.65,4145,socks4,Brazil
113.231.23.19,8888,socks4,China
37.230.154.57,3629,socks4,Russian Federation
188.121.211.26,8080,socks4,Georgia
103.232.67.210,49882,socks4,Indonesia
49.156.1.173,5678,socks4,Cambodia
1.179.242.33,4145,socks4,Thailand
103.225.125.169,4153,socks4,India
45.7.210.199,4153,socks4,Argentina
194.233.91.22,33470,socks4,Singapore
184.174.72.235,51724,socks4,United Kingdom of Great Britain and Northern Ireland
110.34.166.182,4153,socks4,Singapore
125.253.125.132,46051,socks4,Viet Nam
45.144.30.254,443,socks4,Russian Federation
190.5.225.178,44605,socks4,Panama
100.1.53.24,5678,socks4,United States of America
155.133.83.237,58351,socks4,Germany
116.204.96.246,8080,socks4,China
162.243.102.207,9764,socks4,United States of America
175.100.47.191,5678,socks4,Cambodia
186.251.255.233,31337,socks4,Brazil
186.56.43.252,5678,socks4,Argentina
209.126.4.217,39757,socks4,United States of America
104.129.199.70,10230,socks4,United States of America
162.240.21.140,55851,socks4,United States of America
117.186.174.90,18080,socks4,China
34.116.7.175,8080,socks4,United States of America
209.159.153.22,15817,socks4,United States of America
142.54.228.193,4145,socks4,United States of America
192.140.42.80,4153,socks4,Brazil
154.193.153.88,1338,socks4,Germany
88.198.107.107,55152,socks4,Germany
181.48.193.42,2580,socks4,Colombia
42.112.209.68,5678,socks4,Viet Nam
110.139.206.93,80,socks4,Indonesia
193.169.81.91,5678,socks4,Ukraine
190.128.203.214,3128,socks4,Paraguay
202.4.107.70,5678,socks4,Bangladesh
190.181.23.10,4153,socks4,"Bolivia, Plurinational State of"
114.129.2.82,8081,socks4,Japan
43.153.52.170,443,socks4,United States of America
154.94.13.83,3128,socks4,United States of America
119.92.71.123,5678,socks4,Philippines
178.250.159.5,80,socks4,Russian Federation
49.229.36.172,4153,socks4,Thailand
89.161.89.20,5678,socks4,Poland
110.243.2.186,9999,socks4,China
1.179.148.33,1080,socks4,Thailand
188.136.143.243,48309,socks4,"Iran, Islamic Republic of"
178.32.100.226,2546,socks4,France
83.143.29.225,1080,socks4,Botswana
103.212.93.254,45639,socks4,India
116.202.192.120,10002,socks4,Germany
62.201.251.217,8585,socks4,Iraq
118.96.94.40,80,socks4,Indonesia
184.82.140.210,4145,socks4,Thailand
104.129.192.55,8800,socks4,United States of America
168.181.122.97,1080,socks4,Honduras
195.120.78.30,5678,socks4,Italy
104.24.82.14,8080,socks4,United States of America
50.62.58.158,44134,socks4,United States of America
47.108.139.45,7890,socks4,China
43.130.47.112,17737,socks4,United States of America
51.91.44.167,41248,socks4,France
134.209.205.172,8118,socks4,Netherlands
190.2.142.111,11665,socks4,Netherlands
184.181.217.213,4145,socks4,United States of America
41.216.169.82,5678,socks4,Nigeria
159.223.42.24,8105,socks4,Singapore
112.78.39.90,4153,socks4,Indonesia
106.40.241.108,3256,socks4,China
103.109.56.221,1080,socks4,Bangladesh
197.234.13.66,4145,socks4,Seychelles
202.179.184.34,5430,socks4,Indonesia
207.244.254.30,46138,socks4,United States of America
181.143.21.146,4153,socks4,Colombia
103.114.96.93,1080,socks4,Bangladesh
5.188.37.246,8443,socks4,Russian Federation
213.109.235.89,4153,socks4,Ukraine
36.92.56.65,5678,socks4,Indonesia
141.98.80.111,10211,socks4,Netherlands
45.116.128.150,4153,socks4,Afghanistan
45.6.0.114,80,socks4,Brazil
92.249.122.108,58749,socks4,Ukraine
116.107.188.85,1080,socks4,Viet Nam
94.241.226.158,7788,socks4,Russian Federation
110.78.149.203,4145,socks4,Thailand
46.48.126.226,4153,socks4,Russian Federation
14.102.10.170,8443,socks4,Lithuania
47.243.253.113,61507,socks4,Hong Kong
147.161.166.35,10326,socks4,United Kingdom of Great Britain and Northern Ireland
47.113.221.120,3127,socks4,China
8.213.161.15,3128,socks4,Thailand
89.58.48.220,10000,socks4,Germany
95.71.204.61,7788,socks4,Russian Federation
1.0.136.76,4145,socks4,Thailand
93.190.143.43,11393,socks4,Netherlands
102.39.161.31,8080,socks4,South Africa
95.38.75.60,4145,socks4,"Iran, Islamic Republic of"
193.8.87.57,4444,socks4,Czechia
41.73.253.234,4145,socks4,Nigeria
66.113.179.136,58335,socks4,United States of America
31.220.43.141,17448,socks4,Netherlands
187.62.89.252,4153,socks4,Brazil
135.148.9.13,25010,socks4,United States of America
62.73.127.98,9898,socks4,Bulgaria
113.109.29.68,3629,socks4,China
64.64.152.248,39593,socks4,United States of America
118.174.209.189,4145,socks4,Thailand
185.87.121.5,8975,socks4,Türkiye
14.102.64.209,60616,socks4,India
114.134.90.110,10800,socks4,Bangladesh
23.106.249.54,443,socks4,Singapore
139.178.67.134,10010,socks4,United States of America
180.180.124.248,49992,socks4,Thailand
190.188.244.84,5678,socks4,Argentina
175.201.245.187,808,socks4,"Korea, Republic of"
167.235.228.196,8080,socks4,Germany
125.234.95.131,1080,socks4,Viet Nam
87.119.233.43,7788,socks5,Russian Federation
38.127.172.18,11537,socks5,United States of America
203.24.109.130,80,socks5,Belize
69.163.166.93,3838,socks5,United States of America
112.247.105.31,44844,socks5,China
45.76.9.121,11324,socks5,United States of America
206.189.195.54,4930,socks5,United States of America
122.141.111.80,38801,socks5,China
178.44.160.163,7788,socks5,Russian Federation
159.69.117.155,42572,socks5,Germany
109.184.187.23,7788,socks5,Russian Federation
51.158.64.130,16379,socks5,France
49.51.189.171,21127,socks5,United States of America
198.211.99.26,9300,socks5,United States of America
134.209.111.155,7497,socks5,Singapore
148.66.142.19,61481,socks5,Singapore
119.186.73.105,38801,socks5,China
62.113.115.94,16072,socks5,Russian Federation
192.3.127.220,45776,socks5,United States of America
178.44.156.64,7788,socks5,Russian Federation
208.91.197.18,40034,socks5,"Virgin Islands, British"
183.172.251.174,5678,socks5,China
38.127.172.186,174,socks5,United States of America
178.45.93.176,7788,socks5,Russian Federation
195.110.38.190,1080,socks5,"Iran, Islamic Republic of"
217.115.115.253,56792,socks5,Ireland
139.59.6.54,54571,socks5,India
128.199.79.8,7497,socks5,Singapore
144.202.23.95,20199,socks5,United States of America
85.143.173.198,8444,socks5,Russian Federation
115.159.65.66,7302,socks5,China
176.58.121.182,3128,socks5,United Kingdom of Great Britain and Northern Ireland
43.135.160.152,443,socks5,United States of America
93.184.8.22,1080,socks5,Israel
54.38.151.84,56789,socks5,United Kingdom of Great Britain and Northern Ireland
43.153.172.98,443,socks5,Japan
43.134.167.51,443,socks5,Singapore
221.219.97.117,1080,socks5,China
46.32.230.136,7497,socks5,United Kingdom of Great Britain and Northern Ireland
109.184.19.134,7788,socks5,Russian Federation
91.222.198.125,5678,socks5,"Iran, Islamic Republic of"
104.168.91.223,3128,socks5,United States of America
110.136.167.118,8080,socks5,Indonesia
91.226.35.37,5678,socks5,Ukraine
45.140.88.217,26419,socks5,United States of America
1.0.0.4,80,socks5,Australia
128.199.150.158,3128,socks5,Singapore
75.119.206.91,32524,socks5,United States of America
161.35.229.155,61658,socks5,United States of America
80.234.56.89,7788,socks5,Russian Federation
168.119.209.189,60006,socks5,Germany
156.239.52.100,3128,socks5,United States of America
165.225.94.122,10605,socks5,Switzerland
38.127.179.236,2093,socks5,United States of America
111.220.90.41,40938,socks5,Australia
1.57.21.59,7302,socks5,China
178.45.99.207,7788,socks5,Russian Federation
195.222.156.239,7788,socks5,Russian Federation
119.3.188.87,1080,socks5,China
67.210.146.50,11080,socks5,United States of America
185.247.226.94,16049,socks5,Iceland
123.118.230.220,44844,socks5,China
93.115.25.139,4635,socks5,Lithuania
165.154.227.154,5096,socks5,"Taiwan, Province of China"
104.255.170.66,50109,socks5,United States of America
